client_id	path	sentence	up_votes	down_votes	age	gender	accent
31675111f4850e83c541815504c7fb175ddce10a83ac548d33c91901566bfcd2d2bd414bac1e990c6baaf903f5ee7edcdc0d000824f87341e43251ab1cb74b44	1b5a83dcf6d69c3090c2c135223742ce793b44a2d54c5d26a129ec11bb5fbd3a21f2b939fad24304253c86e0cbcc522012eb19c37fede7b52d2facfde014edb9.mp3	Aeth hi draw i'r siop ac mae hi'n gorfod prynu popeth nawr.	1	0	twenties	female	united_kingdom
38d2d75b85a7cab0ddd7553f1f75b985103889543ebe8ff81683f4726a8af3b3f95fc2088ac85ef06c803445e2dde5709bf5b11c92ce31bc6ba2bee28492cb6d	d2ef29931ab91ffcf55728c5f970523193cc0af3de9f3b228d81692a22aa97a2f238684bf0da0dafb08387895936fad783159f3eb9620d72a97aa8730b809eb1.mp3	"Dw i'n siomedig."	1	0			
dfce5f57364284188f03c43b4c510586221758488161d36495f3b5e6cbbbb2520ed32dc1e2a7a695845e17da71f28284f5ab2991b0855d2dfa97f9fe3b6e20dd	f4af729fa312e0918cf81b28c765ebd2edd5510aca28d28cce7a6dea18a069ca34cdc3e691801819b3b80d7e10380cfe66f407480810912e547aeeddbc13f00f.mp3	"Dw i'n drydanwr."	1	0			
c5fa97ac78cdb7743e13afa61cab6011021b9f8c6b6f42f80499286c9c133fb67e251a5da24e2d9b35b78509a8fc599241db0c44535c835b489839aa5bcea57b	1904f36d21b1c609fb66e8a377fa5e928da2349e58b122b436b46c854a43edbfb35914934445f7d280d624411164ac1854750c15f7586321d5273692a4f9e9b8.mp3	Dydy o ddim yn ddigon da.	1	0			
c5fa97ac78cdb7743e13afa61cab6011021b9f8c6b6f42f80499286c9c133fb67e251a5da24e2d9b35b78509a8fc599241db0c44535c835b489839aa5bcea57b	baa720668b93813de6bb7305a9b2256e495317fcfdbfef8c8fb8c463e52c24f2373fe4fdba2b15c4e143d89e86c2cac44e52b4043d88895c45308bc0c47f2791.mp3	Rydw i'n gorfod mynd i ôl y plant a'u gyrru i'r côr.	1	0			
c5fa97ac78cdb7743e13afa61cab6011021b9f8c6b6f42f80499286c9c133fb67e251a5da24e2d9b35b78509a8fc599241db0c44535c835b489839aa5bcea57b	95d3d144a70290f1f4618b56ed674236ef9e3f8be3a7c5c98a01acaee9a719a1029e9c803804fd13de4c2e4ee9d15e8e16d423aefc2ade4a39999762f464038c.mp3	Rydw i'n deall nad wyt ti'n gallu clywed yn dda ond wyt ti'n gallu gweld y cwpan yn y gornel?	1	0			
c5fa97ac78cdb7743e13afa61cab6011021b9f8c6b6f42f80499286c9c133fb67e251a5da24e2d9b35b78509a8fc599241db0c44535c835b489839aa5bcea57b	aa3b04f78993186d7fbe0d780f41b6938e61a3bcdf35e18f054994ca738fafe671f5c688738e852417abc1684b237fa414c9792c642a3b78820a297c5bf0a098.mp3	Dydw i ddim ar gael bryd hynny ond mae un ar ddeg yn iawn nawr.	1	0			
c5fa97ac78cdb7743e13afa61cab6011021b9f8c6b6f42f80499286c9c133fb67e251a5da24e2d9b35b78509a8fc599241db0c44535c835b489839aa5bcea57b	3518484bfa7bb0666b957078181597c29ea22ae67ccad3464822dd39f7762c5f5812aae0bd4c5c849188eb8a7f4a8b9e069247dbb236104021712f5d04af43c4.mp3	"Mae'n ardderchog!"	1	0			
08ce6287a2098919664d82149a49613bf62899a99c731e0657e6f4f5cafe229fcec89f407d89e8f0a16b2a048521e14bd6a5c763369a1a0d8f30faaa3966b169	dfbd6071d49fd8e9de35f2af19ae7ac7a65ea019c286e88fa6a70506a9b9375a345eb2f2460e87043dcdce37aa7258deafcb28ffe699c19eb968efc13815c764.mp3	Y broblem fawr yw bod Llundain yn rhy ddrud.	1	0			
893a2f6135b57bc68382bd6ea11720d520a728c14227c58fe5f9ac4946c0e95a09491d9a1b90eb04150ea297e340c4f4365c07479b2100aded9c86e2f19a7cec	783383be622cbc9f1a01807c0e2f30e47657cda714abbc64627366a451d9ad7919f5064408e2ebe00de872bf7afc3335762425045847d8cd6ceb5571ce578a23.mp3	Math gwahanol o ymchwil ydy hwn.	1	0			
893a2f6135b57bc68382bd6ea11720d520a728c14227c58fe5f9ac4946c0e95a09491d9a1b90eb04150ea297e340c4f4365c07479b2100aded9c86e2f19a7cec	21a2793177cb7ef82aadbe1f6ebe33082f3eda9d915baf1f0cead098c2609408eefb935b011dcf2af5dfcf2603e92f6759fa6ed9e9510a8af281a49dbc0daab3.mp3	Oni byddi gryf, bydd gyfrwys.	1	0			
893a2f6135b57bc68382bd6ea11720d520a728c14227c58fe5f9ac4946c0e95a09491d9a1b90eb04150ea297e340c4f4365c07479b2100aded9c86e2f19a7cec	c344f66d71cb6224eacf556d0bcc838ab8046bf9ca7536b696821af939fe643561e3c823d60a307a3984027445f3606032049ca72c208eef399048ab3072bbdc.mp3	Y broblem fawr yw bod Llundain yn rhy ddrud.	1	0			
41b68739d567828b2eb9f589df05ce8de3416f5fd51fd8a606b69e36cbeecc9e5484711d9280216703d6e91ea266fa17b6ee730be7f60cb88c9fff098fae2eae	243541cbcf41ac91115aa229703d7d561c9fb41e566fa3525199ba7933cb0f6e9b674d8fa0f7e8f00763cbd4017ce645e0821bb2230147587f5aff5a9daaa5a8.mp3	Cafodd ei garcharu am naw mis yn Llys y Goron Yr Wyddgrug ddydd Iau.	1	0			
41b68739d567828b2eb9f589df05ce8de3416f5fd51fd8a606b69e36cbeecc9e5484711d9280216703d6e91ea266fa17b6ee730be7f60cb88c9fff098fae2eae	1014fe9a1ed84f725c682f14545cccb10e49bad06882de18caf24751e5d75015eb24f105cf4900588b261e70841cd3bdb838c6e760159f995a7571fff37be6f7.mp3	Yn eich barn chi, beth yw prif achosion beichiogrwydd mewn pobl ifanc?	1	0			
bfa189db4b4e2632a2a2b0209083a828b46e718b40489ed3f0fab1f3fd40f17405a8dfa5d76bc16d2a821780460cfd470a17c540fa07a871f18b04102ba401e9	3ca36d7af461da4a5f93f89c2ee746d706406c371a8cb3811f9771fef9d32e1f8eac1aa86118a167d174e254c50ac3d69f021586fdc2d00c48e8f26facb53e4b.mp3	"Beth yw'r penawdau?"	0	0	fourties	male	united_kingdom
bfa189db4b4e2632a2a2b0209083a828b46e718b40489ed3f0fab1f3fd40f17405a8dfa5d76bc16d2a821780460cfd470a17c540fa07a871f18b04102ba401e9	d5524e56d9cba1525e50ae7eeeb58957f16ddd7b029886d78c50fa0fcb7999da4a77a88a0524359f904121897f74294e62b5745de5a802f7fa48980a576b4d7a.mp3	Am faint fyddi di yno?	1	0	fourties	male	united_kingdom
b32ca953f84d1e17b7a59de74422c5b17b7ccf41c7e35a3832968095533855f8eca462276ef5f4b23eda2c10275bb8470cd2ab58e6e94846be93362c6167eb62	02ed79e7eba4feee9382de2c0e1422e552e49ff3f21bf5e2cff79596e42ff578e51b085126e1a5b415e92b1d07c602d398b3809f0e62db97409e54fdff1b8671.mp3	Beth fydd pethau fel dros Nadolig os nag oes dim lle ar gael yn y tŷ?	1	0	sixties	male	united_kingdom
b32ca953f84d1e17b7a59de74422c5b17b7ccf41c7e35a3832968095533855f8eca462276ef5f4b23eda2c10275bb8470cd2ab58e6e94846be93362c6167eb62	e622585f97b145d7820244963890206407e528a5590f52a82a196924cdddcf41881ed71abb05167422895ef2c540aabf05a496991cc2b4894319ef429b984c0f.mp3	Dydyn nhw ddim yn mynd i'r capel ar ddydd Sul.	1	0	sixties	male	united_kingdom
a1f0d7ba34e0b1fa0e135afbb58b94619c63f96fefd56bace6f9f9abcdb6b31dc846644b66df6cc27d88d4d23e27de599fd11e0ee2c07ff8ad9de7872d206f7d	839aa59532a05282d779e19e28dad0962f45b7006d6034d7bee1c19d7a878a4dc432b1d4a9e36ef2099515c515abda28ec80fa60a4dd4c2e6b05eecff6b1052a.mp3	Roeddech chi'n dechrau gweithio ar waith tebyg.	1	0			
a1f0d7ba34e0b1fa0e135afbb58b94619c63f96fefd56bace6f9f9abcdb6b31dc846644b66df6cc27d88d4d23e27de599fd11e0ee2c07ff8ad9de7872d206f7d	e25a9f0983368fec3c5f18840deec9f7202d8f377b08e3b2d59f7a1d6c4a04a9b3cd87fd19af21d36298bb0af62a24b850250cc28fe95c7dbbaaf6a75515dcf1.mp3	Cafodd y corff ei ddarganfod ger siop Tesco yn y ddinas ddydd Sul.	1	0			
a1f0d7ba34e0b1fa0e135afbb58b94619c63f96fefd56bace6f9f9abcdb6b31dc846644b66df6cc27d88d4d23e27de599fd11e0ee2c07ff8ad9de7872d206f7d	5f65c00624246b29f159ac23c11186a025cfbd56eb859a534abe330ab2b0a18087562c15ced645d42063fe34577d47c7a477f92d423e714ed4aaa3011c507621.mp3	Ai o Sir Fôn mae hi'n dod achos dydw i ddim yn siŵr.	1	0			
a1f0d7ba34e0b1fa0e135afbb58b94619c63f96fefd56bace6f9f9abcdb6b31dc846644b66df6cc27d88d4d23e27de599fd11e0ee2c07ff8ad9de7872d206f7d	3fa063ea4013697b6adb0e4e57b3146141fa192073a67e843f402804b96207b51c52c7d0dfec1f6c835153a4d5e35c27f49bcb882f10c71850958c5e06907729.mp3	Mae angen edrych yn fanylach ar yr arian.	1	0			
a1f0d7ba34e0b1fa0e135afbb58b94619c63f96fefd56bace6f9f9abcdb6b31dc846644b66df6cc27d88d4d23e27de599fd11e0ee2c07ff8ad9de7872d206f7d	4ae7af05b415e9d3b2a1997bc3c3ba48bb140be16809621fcd512da915516af8bf266d9fc4dbf33cf767bd351ab6ba77aef1f50abfea81fa7fd05dcba7679bec.mp3	Doeddech chi ddim yn meddwl byddai dosbarth ar ddydd Sadwrn yn syniad da.	1	0			
a1f0d7ba34e0b1fa0e135afbb58b94619c63f96fefd56bace6f9f9abcdb6b31dc846644b66df6cc27d88d4d23e27de599fd11e0ee2c07ff8ad9de7872d206f7d	8ba90a4c3d9884067d08caed817c9125476dca1b31dfbf2360d8e52e1358cb42897ca939e45b30fc389f3c0beaea3984bdedfaf4ba3b1fcf96ef48631be9e1c5.mp3	Cafodd hyn ei ddangos yn erbyn yr Alban a Ffrainc.	1	0			
c72997bbaca3d88e5da13bd1a760489f4383e4a8ff7090618edf1309524663aae72fce9a514e17596595c4d6cec996c2d64c70505caa2fe37441282336f86c3f	ca4fdcf399bb4bce92f4cab085e374ed7c7a14c10df08445df9d369f94bd44de6517ee80b78d29150597ae77414a5af0bd2b342c4cc73ce617357db69a93663c.mp3	Pa mor aml mae'r bws yn gadael?	1	0			
c72997bbaca3d88e5da13bd1a760489f4383e4a8ff7090618edf1309524663aae72fce9a514e17596595c4d6cec996c2d64c70505caa2fe37441282336f86c3f	27db0c280d6881f55d981fce5eddb907893de21b44abcfad4c61ac205d100790004d78b398cd76ee1020e1f85e5f80ebf7bcd625eec5267c96719e41c2878474.mp3	wyau, Llanddowror, dull, boen, Llwynhendy, Mhowys, Trefdraeth, cadmiwm	1	0			
c72997bbaca3d88e5da13bd1a760489f4383e4a8ff7090618edf1309524663aae72fce9a514e17596595c4d6cec996c2d64c70505caa2fe37441282336f86c3f	6b1127c162a9271d447e885a70aa060f41d6c43166748e2caac2b9f68f91f8f08b00afd9951cee64b459521e6ecbfd6e3da311b1990058495525d0cc456265f2.mp3	Ga i barcio yma?	1	0			
c72997bbaca3d88e5da13bd1a760489f4383e4a8ff7090618edf1309524663aae72fce9a514e17596595c4d6cec996c2d64c70505caa2fe37441282336f86c3f	20df0c54a9634c4e1e04c28293aeeafd68d45ed9671061e8e48f9a09c45a24b19b53348f4d1a92b88a3ab7c7401f6b3747255e62594a1dcb8e1374c2a630d103.mp3	Rydych chi'n eistedd yn fy sedd.	1	0			
a4a65403874abc43b1ed8d862d5379bddea823289dccd01720a974685a73d91b9f7a9e80d4296ac3779424a1e0254a218a23cc38d9b28ca4d606a273a5bdbccf	453996e90104dd119b92172f90c66d0c87cead2d8e276076b4c3e94c6a171afb8d8122343d5c0d3d5f2af0e98a981e9ae2a9222436d327186b0c90c8f035d9a9.mp3	"Faint o'r gloch fydd y bws nesaf yn mynd heibio?"	1	0			
bc100c7b1855d38de4277f7eb6e25f64f0a9fe7189def9df46613bb69858b1531688ece01a9c3eee112201a3e80d68385b2fd17ffc875ec124a7f5c0fe9aba4a	2066ae5b898b8eba28e9b670a39e188060e656c57420312953305aec0c30f318e2931bee0c29d81ca83dfa6d20c74deb400a3aa8494d95b94d69d3d7fecae6b7.mp3	Dim ond yn dechrau chwarae'n dda oedd e wythnos ddiwethaf felly'r cwestiwn mawr yw beth fydd yn digwydd nesaf.	0	1			
bc100c7b1855d38de4277f7eb6e25f64f0a9fe7189def9df46613bb69858b1531688ece01a9c3eee112201a3e80d68385b2fd17ffc875ec124a7f5c0fe9aba4a	b449a522099bf29b470407a6373e836bebc7c4301b6fe57afae981008bb68a9ba53d2d33d8f4767611f48c8dc81f7ea380f17928013524eb84ece3349091d326.mp3	Dim ots, gwaith dros dro yw'r recordio.	1	0			
bc100c7b1855d38de4277f7eb6e25f64f0a9fe7189def9df46613bb69858b1531688ece01a9c3eee112201a3e80d68385b2fd17ffc875ec124a7f5c0fe9aba4a	dad9c4c6d95b8315e63cdf73fe29e869cac110f14dd8d00976936aa0d838dab66f6dcfe30f68de69d83c9b1070473f8bc647b4a90208549bafe894b0321d4ad2.mp3	Chwaraea fiwsig hapus	1	0			
bc100c7b1855d38de4277f7eb6e25f64f0a9fe7189def9df46613bb69858b1531688ece01a9c3eee112201a3e80d68385b2fd17ffc875ec124a7f5c0fe9aba4a	b16b5a242f8086d581c33d03de4a7787350cba5214f774c563f983eae8612f3444e3df98045c07e297d52eb6b4e79e68af92ff28ed9565ff9772c6f17d4797c5.mp3	Paid â dweud dim wrtho fe ar ôl i ni fynd i'r gwely a chysgu.	1	0			
bc100c7b1855d38de4277f7eb6e25f64f0a9fe7189def9df46613bb69858b1531688ece01a9c3eee112201a3e80d68385b2fd17ffc875ec124a7f5c0fe9aba4a	90d86ba8ec568ee091772a198e0cbd90ce69c01e19bb7e3ded5c5412a6ff865422ed0b2853fdccfb7ebacff511c5545cc684dc66cde65cad9e762e660cb594c9.mp3	Rydw i'n deall nad wyt ti'n gallu clywed yn dda ond wyt ti'n gallu gweld y cwpan yn y gornel?	1	0			
bc100c7b1855d38de4277f7eb6e25f64f0a9fe7189def9df46613bb69858b1531688ece01a9c3eee112201a3e80d68385b2fd17ffc875ec124a7f5c0fe9aba4a	b2799beb32fe0a29255324674d53a6f3f62be5e734ed7787f01f127cbafbfc425852d843f78b0dc99f62c265d6c9a766c42c05aaad62e544c4e8c737d8b2fa66.mp3	Mae'r teledu yn dal i fod yma fel fy mod i'n gallu gwylio rygbi.	1	0			
bc100c7b1855d38de4277f7eb6e25f64f0a9fe7189def9df46613bb69858b1531688ece01a9c3eee112201a3e80d68385b2fd17ffc875ec124a7f5c0fe9aba4a	02af86deabcd8d2a3c06bca382ac925bbed76c5822fa22c352f9780d7c78d75f42c42c62f877ae9eb0127917923caa5c6b30b6435bfcac08086e0776d03bc415.mp3	Byddai'n gwneud pawb yn hapus iawn os byddet ti'n codi'r ffôn a ffonio pawb adre.	1	0			
bc100c7b1855d38de4277f7eb6e25f64f0a9fe7189def9df46613bb69858b1531688ece01a9c3eee112201a3e80d68385b2fd17ffc875ec124a7f5c0fe9aba4a	b3a5efd4e8005702b2631e457979dee125093e166b4a1fd9e16eab07a01ff3be18103933334c20dadb613b4f9399d97f7463153b40f1f50e4c97055e177181c1.mp3	Dydy hi ddim ond yn ddydd Mawrth heddiw felly dim cwyno ar y cwrs.	1	0			
bc100c7b1855d38de4277f7eb6e25f64f0a9fe7189def9df46613bb69858b1531688ece01a9c3eee112201a3e80d68385b2fd17ffc875ec124a7f5c0fe9aba4a	b30be13851517775b10add6abaf62e11445a25ddee2641feadc534db56fe8635c25348a0aaaa1c75d6ec98f6af7290eb10dcbeb1d0df971e5ef467971cecab9f.mp3	Mae angen mynd yn gyflym fel hyn.	1	0			
b871a598b9959e10b688f1aa5a802eae8cd6d1e99e0459b8a085a5a82882c448af0ad935a35ff64303f4bf034c4929ae348d629ec7fc5556d352a6ee049005ba	cb29d1d58ab774007ff3ddc435c54b63e847cd11aaa0e23473bb82a98f02c14f0b52e6d1c22d417c3e0acb8cb1f0ada7155ef73ea95fac4ca49e8bafdc13baa2.mp3	"Faint o'r gloch fydd y bws nesaf yn mynd heibio?"	1	0			
8a505315951fed47893590375cd1651b86d7802c9f158eb02e68cc945445bd3ca45ae52ff4fe52bd9e457d7901c4dc20d7523bb11c68d3850319f76276cec05b	79078e85cf5d38168d014e7bf65451fe58257e990765cb2e8993df3f9e50b8cffef5da81a07871c4d8836cc02c3d8c2f560284cfae90b63a77d682e5d0467dc7.mp3	Bydd angen iddi gael yr un wybodaeth er mwyn deall popeth yn iawn.	1	0	twenties	male	
8a505315951fed47893590375cd1651b86d7802c9f158eb02e68cc945445bd3ca45ae52ff4fe52bd9e457d7901c4dc20d7523bb11c68d3850319f76276cec05b	d8aab50db8dd9b9b520ca8d19a142291b0cbe4836af1903b9e2b9cf1855219a20e05e1ac84d522b9d3f326e2cf1b2246eb762c3ccf3e206ed3f721cd42033cb6.mp3	Cer ar dy ben dy hun yn ôl i sefyll o flaen y wal.	1	0	twenties	male	
b871a598b9959e10b688f1aa5a802eae8cd6d1e99e0459b8a085a5a82882c448af0ad935a35ff64303f4bf034c4929ae348d629ec7fc5556d352a6ee049005ba	5be6bf75f8c5931de6f3444fb3b3fde36e05ad185419d8b79d834938145eed3922ec132c5eabbe2df081435e4b289d83ccd92b80525a79b1e715cca5f21f8eff.mp3	Na, mae'n wir, bydd rhaid i William rhoi'r newyddion iddi yn fyw.	1	0			
b871a598b9959e10b688f1aa5a802eae8cd6d1e99e0459b8a085a5a82882c448af0ad935a35ff64303f4bf034c4929ae348d629ec7fc5556d352a6ee049005ba	f6ee9ed707ae27eac22c0eb4e31b47fe55b483a126591a63a25c41826e0c8b2d8d3c44a64af9e71103f068ecb8c1c4b61cbe8d8b163d2e9007b606a6359ce544.mp3	Byddet ti'n meindio mynd â'r ci am dro?	1	0			
b871a598b9959e10b688f1aa5a802eae8cd6d1e99e0459b8a085a5a82882c448af0ad935a35ff64303f4bf034c4929ae348d629ec7fc5556d352a6ee049005ba	a55957e9e454c7361c80cdfa36d13b413d7307ec2bfafd22674c3ab7592a7033d92fcbebf729b147f68238c92257a687241fab8ecf01993182b00256b7b3cfae.mp3	Dydw i ddim yn siŵr os wyt ti'n mynd i siarad gymaint nawr.	1	0			
b871a598b9959e10b688f1aa5a802eae8cd6d1e99e0459b8a085a5a82882c448af0ad935a35ff64303f4bf034c4929ae348d629ec7fc5556d352a6ee049005ba	d0cac27bd46f00cbecf0e46dba090aef85e4d0612fc13bf60a5cdee5de7092eb8e3cca6321c70f7f192dbe455e32335611df57363b62b87853dd4b5179ef91cf.mp3	Ai o Sir Fôn mae hi'n dod achos dydw i ddim yn siŵr.	1	0			
94716e9c36e776d38cf5354b2c27e3d3179e81a16a6116a25ccce718fdbc00dc48fe098621f0ffb481ab9157a32865d7c4e425d6b96c68c888026ace11a9d52c	0b91f22c832e9dd25c6ef8bc2542f18773328d40631d2dbd6ee59d8702e5df36be2b4827f14ba1549c3dcefa669e1e0ac779e05907cff02c6fee273ef0be1caf.mp3	Does gen i ddim plant.	1	0			
94716e9c36e776d38cf5354b2c27e3d3179e81a16a6116a25ccce718fdbc00dc48fe098621f0ffb481ab9157a32865d7c4e425d6b96c68c888026ace11a9d52c	942658e424579b7f6ee892011461e24f634f04ae5258e71ca2f3a35ecb94e017c4419231430b8aa8b1fa3eddeae41dfe4cef4fc294b041a671dd9f2628b88f22.mp3	Faint ydy dy oed di?	1	0			
94716e9c36e776d38cf5354b2c27e3d3179e81a16a6116a25ccce718fdbc00dc48fe098621f0ffb481ab9157a32865d7c4e425d6b96c68c888026ace11a9d52c	e93a32ff009f2c2946fb8a364af08d5d130e5b8b9f25c4b2a87f9aab692fb228d72631e5b4e842497afed619a4d5c01de78a7665c726adfccaf971c339013fe1.mp3	"Dw i'n mynd i'r dafarn heno."	1	0			
94716e9c36e776d38cf5354b2c27e3d3179e81a16a6116a25ccce718fdbc00dc48fe098621f0ffb481ab9157a32865d7c4e425d6b96c68c888026ace11a9d52c	b439cff7b73b3ce64af9a3852188b90a5d68ab3a0177fa10476bb7e0780f4d53f501e291f4eb1211cf051c7a4a406e6a4f360bf494e472801a54c5e31a4e7c59.mp3	Evans, yn mynd, corff, neb, eglwys, cafwyd, sef, ar ei	1	0			
94716e9c36e776d38cf5354b2c27e3d3179e81a16a6116a25ccce718fdbc00dc48fe098621f0ffb481ab9157a32865d7c4e425d6b96c68c888026ace11a9d52c	d6069b6c3a4c188776b6a2518f915d60236b3770d3ec0133613d00b0f76a7146ca65b8f3364b1cc6605271ddf09c3aac37fc6165bbc66bcdc097ba6a627934d7.mp3	Faint o sgwariau coch fydd yn y degfed diagram?	1	0			
94716e9c36e776d38cf5354b2c27e3d3179e81a16a6116a25ccce718fdbc00dc48fe098621f0ffb481ab9157a32865d7c4e425d6b96c68c888026ace11a9d52c	588f8e7be7c156ec5e2368d81986a74a8226c89d37b56a6e441820c0cede1cc33df899a5fea2cd6c7c9a744a5b9c4d518d16176be65fd725648b1dd2fc21ce61.mp3	Llaeth a dau siwgr, plîs.	1	0			
bc100c7b1855d38de4277f7eb6e25f64f0a9fe7189def9df46613bb69858b1531688ece01a9c3eee112201a3e80d68385b2fd17ffc875ec124a7f5c0fe9aba4a	77788549bc8f934c7a38261ca93450f7ba88fc25522598f03ebe6e1a2fe56f456701f86b2b61294c16c27cdd52f9e888c8b6b06db2478242ea3d3baa62f9ca9c.mp3	Aros funud.	1	0			
bc100c7b1855d38de4277f7eb6e25f64f0a9fe7189def9df46613bb69858b1531688ece01a9c3eee112201a3e80d68385b2fd17ffc875ec124a7f5c0fe9aba4a	a4868b581dced1598edf0c05a538d1c9dd7b33f6e92ed4972b4a3254cc53a18ea24b6cde33fb26d8d94a2dfe86245173259d933b542fb4aa05e34ce4bd73af2f.mp3	Roeddech chi ar eich ffordd nôl ar y diwrnod hwnnw.	0	1			
bc100c7b1855d38de4277f7eb6e25f64f0a9fe7189def9df46613bb69858b1531688ece01a9c3eee112201a3e80d68385b2fd17ffc875ec124a7f5c0fe9aba4a	6ee3c50c246adfb3226bdcc932e68e0d8cfe6f8be6cdf3bdd890326f38be7d5405bb33db9e61be76f2dfa867fd2644744a2f47fb6c2da5032cb05bc991f8f1d3.mp3	Mae hi yn ferch dda sy'n trefnu'r gwersi yn sydyn.	1	0			
bc100c7b1855d38de4277f7eb6e25f64f0a9fe7189def9df46613bb69858b1531688ece01a9c3eee112201a3e80d68385b2fd17ffc875ec124a7f5c0fe9aba4a	f271627fcbb419f005efb73978785ddfca06f2b4e066bd7df7e35e4dfc635220929ad0cd45936f6b1714735a74f2f4e369c41b9fc0cb46e48775b54c82016702.mp3	Beth oeddet ti'n dweud am Awstralia ddoe achos efallai awn ni am ychydig wythnosau eleni?	1	0			
bc100c7b1855d38de4277f7eb6e25f64f0a9fe7189def9df46613bb69858b1531688ece01a9c3eee112201a3e80d68385b2fd17ffc875ec124a7f5c0fe9aba4a	c53c2ec6115f0a2319380e94f03b6626efab409c072d04abb8e669675e5b066596b718ab5427488873032eb3d2a2e98ffb6c68f6ad89a833cf87d7507de6fcf0.mp3	Doeddwn i ddim yn siŵr beth oedd angen prynu ar gyfer y parti.	1	0			
bc100c7b1855d38de4277f7eb6e25f64f0a9fe7189def9df46613bb69858b1531688ece01a9c3eee112201a3e80d68385b2fd17ffc875ec124a7f5c0fe9aba4a	a15be43dc5e8829fbdc82d543765e5d0955d070fd34e6723aa080eeb4f8a301c71fb34a43eafa48e5fa68fc657c1666342a730abdcd97b6e1a2f8bd31f43524d.mp3	"Mae'n anhygoel."	1	0			
bc100c7b1855d38de4277f7eb6e25f64f0a9fe7189def9df46613bb69858b1531688ece01a9c3eee112201a3e80d68385b2fd17ffc875ec124a7f5c0fe9aba4a	7d1a8da26785ba297722d491888f59479c5d78913085f915297bb43d2dd30cf8c2035d80be52b31af462b6cdbec77b30172736d0f1277120ef3387d08db94b98.mp3	Mae'n debygol o fod yn bythefnos fawr i ni cyn mynd i'r Eisteddfod.	1	0			
bc100c7b1855d38de4277f7eb6e25f64f0a9fe7189def9df46613bb69858b1531688ece01a9c3eee112201a3e80d68385b2fd17ffc875ec124a7f5c0fe9aba4a	1527942c25f1e3e42bc18d8b5cabb09878dc5a775d57877656f357a3dde528979c8cc79c3d1e08ae4b25f9f4f57fc2d9f1071e1157b0685b2f20ae9cb759c858.mp3	Mae ychydig gormod o waith y tro yma.	1	0			
bc100c7b1855d38de4277f7eb6e25f64f0a9fe7189def9df46613bb69858b1531688ece01a9c3eee112201a3e80d68385b2fd17ffc875ec124a7f5c0fe9aba4a	1ef645f8f95f6186ca39c9ef81057caff9ad6db1619c28071be6b4aec68803db63dd5a0a9ed31df83706de499950b25d280b61f9c4426fec7aa206d70e2984ac.mp3	Mae fy nain yn wyth deg heddiw.	1	0			
bc100c7b1855d38de4277f7eb6e25f64f0a9fe7189def9df46613bb69858b1531688ece01a9c3eee112201a3e80d68385b2fd17ffc875ec124a7f5c0fe9aba4a	0b7cd68a368fddcc3acf695265e747603a93a415c6086ed0b6c1c3bc0749fa1ad3fc5d02628cfc91e00ed47745d12fe74af8e22a73fe31ddd552aa73f2038630.mp3	O le ges di'r arian i fynd i siopa ddoe?	1	0			
bc100c7b1855d38de4277f7eb6e25f64f0a9fe7189def9df46613bb69858b1531688ece01a9c3eee112201a3e80d68385b2fd17ffc875ec124a7f5c0fe9aba4a	8a83f0852b1f1e53e5cf9b5edca1255af5b3f397ce5552d8737801a318c5ba36e570515ed43cc65289fcc92430fc324cd04b5acea695a3783b462ac95e979032.mp3	Dyma fy chwaer yn gafael yn y babi.	1	0			
bc100c7b1855d38de4277f7eb6e25f64f0a9fe7189def9df46613bb69858b1531688ece01a9c3eee112201a3e80d68385b2fd17ffc875ec124a7f5c0fe9aba4a	a184bc8eb84aa6447ce76d59b35084ef47ddcc694d17f49766a2744dea8ea38b6230fc4d643c95cf9707877040aced714b5502c0e97c962da4a0ee65b9feb70b.mp3	Rhyngot ti a fi, efallai awn ni i eistedd ar y trên i fod yn erbyn y traffig.	1	0			
bc100c7b1855d38de4277f7eb6e25f64f0a9fe7189def9df46613bb69858b1531688ece01a9c3eee112201a3e80d68385b2fd17ffc875ec124a7f5c0fe9aba4a	0c1edf7fb850fc4faba495c25094666a65c9e39f77f02253808fa800632c1259ec566b600b9f0607924d4f70cd58683fe8d7830f3791d04fe609661fb8fa6a87.mp3	Dyma fy ystafell gyda'r gwely newydd.	1	0			
bc100c7b1855d38de4277f7eb6e25f64f0a9fe7189def9df46613bb69858b1531688ece01a9c3eee112201a3e80d68385b2fd17ffc875ec124a7f5c0fe9aba4a	cbfc5dcb439de65bc0b17de8366357246ae6d7aa72c3991322c1535b2a656de42cb2ae093c0dcec5683e2c6393dd2336abb7b90a13fc3d01ac7f9be27c9e8457.mp3	Beth yw enw dy dad?	1	0			
bc100c7b1855d38de4277f7eb6e25f64f0a9fe7189def9df46613bb69858b1531688ece01a9c3eee112201a3e80d68385b2fd17ffc875ec124a7f5c0fe9aba4a	9c07eda3d140ae791e861446e5806324a6690d2febe532635d27ef2730bb873c498552f8ef79af1d5183e9c8215431665856a308b8e651f06415ecc17c4b930d.mp3	Dydw i ddim yn gwybod os ydyn nhw'n siarad Cymraeg.	1	0			
f62e764322138ed7b501fc7d2d63a83664186826858d97d40109ef1394c3fad0f0cb1f94d359af7bed79c5ceb1a255a0b5f06e5f3b9b61e22e48712d26a25783	08980b97d406e795e45faf9d0c8b0a130329cd662632fe1a496ce039a68dd31b2eee34548139aebefd90a08fcc90999e714232f0fe89dc80261ea8a8547cb48c.mp3	Bydd angen iddi gael yr un wybodaeth er mwyn deall popeth yn iawn.	1	0			
f62e764322138ed7b501fc7d2d63a83664186826858d97d40109ef1394c3fad0f0cb1f94d359af7bed79c5ceb1a255a0b5f06e5f3b9b61e22e48712d26a25783	e2233b09f8b65a79b9f202d99dff8afbc0b0819a2ac07521ba0593c654096dd90bfe6810a7f2176d06f9fdabe9383bbf7dccf7e57947ba7523cdef924188f7ac.mp3	Doeddech chi ddim yn meddwl byddai dosbarth ar ddydd Sadwrn yn syniad da.	1	0			
f62e764322138ed7b501fc7d2d63a83664186826858d97d40109ef1394c3fad0f0cb1f94d359af7bed79c5ceb1a255a0b5f06e5f3b9b61e22e48712d26a25783	ce503c8e85a0282a0a3915d982d9dcaabe98ca147075b8dcc2bb4d44ef7dc48fb8040bff253536a789268c0787d0ccb7da632feb8ce77d42e37871d3b039f445.mp3	Mae angen cyrraedd ar amser er mwyn i ni weld y sioe.	0	0			
f62e764322138ed7b501fc7d2d63a83664186826858d97d40109ef1394c3fad0f0cb1f94d359af7bed79c5ceb1a255a0b5f06e5f3b9b61e22e48712d26a25783	780a68e65de471700bfc258904d4766356cab77540ac66711eac251358660d3a26b77e5252344667d46ce9a4c2d5a15ecce8403847a3b913af5c901127861646.mp3	"Mae'n ardderchog!"	0	0			
f62e764322138ed7b501fc7d2d63a83664186826858d97d40109ef1394c3fad0f0cb1f94d359af7bed79c5ceb1a255a0b5f06e5f3b9b61e22e48712d26a25783	00cdfcddcfaff4adcedc20ca083b0572660f6c21abae60daaa3ba0dc6b1ac60854948e8049daa148a21b1719aa2a73ad6b2922555e0ef98411685fb14c5b01f1.mp3	"A oes rhywbeth ar goll o'r pedwar pwynt bwled?"	0	0			
f62e764322138ed7b501fc7d2d63a83664186826858d97d40109ef1394c3fad0f0cb1f94d359af7bed79c5ceb1a255a0b5f06e5f3b9b61e22e48712d26a25783	270556a03a774f73937e4191c345bd265d6d7cd8d9fbcdb9806f7188ad7ebf73731f2ad8442a0ad3e64b742b57b84a9af9bf55b895e9a52f9118e6b28260ef03.mp3	Mae angen i ni aros hanner awr arall.	1	0			
f62e764322138ed7b501fc7d2d63a83664186826858d97d40109ef1394c3fad0f0cb1f94d359af7bed79c5ceb1a255a0b5f06e5f3b9b61e22e48712d26a25783	056732f32fcd393a8ac8dcfa39d567c9915f1846cb9ffd54a5d53792cc277c0ef5d8e54d9f965258331cd8c2e1650092eceb8e3ee2d0725ebd07907b883348c1.mp3	Dydw i ddim yn gwybod os yw pawb sy'n siarad Cymraeg yn dod.	1	0			
f62e764322138ed7b501fc7d2d63a83664186826858d97d40109ef1394c3fad0f0cb1f94d359af7bed79c5ceb1a255a0b5f06e5f3b9b61e22e48712d26a25783	0cdbb4fe588a12b76db3aac61b4531eda83fd167dc5a709710ac2a57bfa3af4a1a2a2441baa892c316194ba36d8ea77cf6968424091678446c1fcb7e105b9da2.mp3	Oes gen ti un neu ddau fotel o ddŵr yn dy gar?	1	0			
f62e764322138ed7b501fc7d2d63a83664186826858d97d40109ef1394c3fad0f0cb1f94d359af7bed79c5ceb1a255a0b5f06e5f3b9b61e22e48712d26a25783	ea542f8141ced7e0db90c73f973167ed3360cea05ddd8f6e786fc3b60c2227ed7c65ef55d2c1032b4c6cf46c2c5bb4c1ae927be16949cbd372e2409f56157ee8.mp3	Rydw i'n meddwl dy fod ti yn mynd i fod yn sâl os wnei di ddim yfed mwy o ddŵr.	1	0			
f62e764322138ed7b501fc7d2d63a83664186826858d97d40109ef1394c3fad0f0cb1f94d359af7bed79c5ceb1a255a0b5f06e5f3b9b61e22e48712d26a25783	b7aec1014c587d1dfcfaa4ff7138d85a4ba5f84e19921a3f56a4615bcf43c768f0bda3cdf94db83af50029ab354bd3cd027c6aaccdfb619d66ebd746fc020303.mp3	Mae gennym ni lawer o ffrindiau o'r llefydd eraill hyd yn oed.	1	0			
f62e764322138ed7b501fc7d2d63a83664186826858d97d40109ef1394c3fad0f0cb1f94d359af7bed79c5ceb1a255a0b5f06e5f3b9b61e22e48712d26a25783	941146cbb67af5358caa5e4f46f3ed5b32f915b2c14c6b795e6706d23cf633109464b3fa842bee8c64345b14c6bd9a563f3d751df806bb59859b1650555cc817.mp3	Ai dyna pam wyt ti'n crio?	1	0			
f62e764322138ed7b501fc7d2d63a83664186826858d97d40109ef1394c3fad0f0cb1f94d359af7bed79c5ceb1a255a0b5f06e5f3b9b61e22e48712d26a25783	2bfff76add33a986917a40138703bd797e5c159b70cae8c6c3037484e37bbc4e504b1766cbb242512574b75116b5ba89888f39cb5eb00b8f7f4a5758f9894e4e.mp3	Mae hi'n debyg i ti ond pwy a ŵyr pam.	0	1			
f62e764322138ed7b501fc7d2d63a83664186826858d97d40109ef1394c3fad0f0cb1f94d359af7bed79c5ceb1a255a0b5f06e5f3b9b61e22e48712d26a25783	d08eb5512341e1f76358f121a47db6f0806ef7162641e22e6f336958d4ea832940ce403bf67835f143f1b77cf60a7f5d5641ff2266f9cac8c1cec2bdb30eb034.mp3	Mae'n debygol o fod yn bythefnos fawr i ni cyn mynd i'r Eisteddfod.	1	0			
f62e764322138ed7b501fc7d2d63a83664186826858d97d40109ef1394c3fad0f0cb1f94d359af7bed79c5ceb1a255a0b5f06e5f3b9b61e22e48712d26a25783	130515a4c102dbc90b43afb2c7109b51153b2d5d1b0da74b50d8b0b43c09256a8e36116415e361bb7f84d0f1607f77d54789fcbb25d639dcad5998b29c5f6022.mp3	Roeddech chi ar eich ffordd nôl ar y diwrnod hwnnw.	0	1			
f62e764322138ed7b501fc7d2d63a83664186826858d97d40109ef1394c3fad0f0cb1f94d359af7bed79c5ceb1a255a0b5f06e5f3b9b61e22e48712d26a25783	8ffc01812278a211b8c3fc9cb3434e1b7d9f8174cd03f1078f88a53306b8cbbfa39d639991de5b889cd4a627d7b44a46a16bd76da914cf97952412a0a431f628.mp3	Dywedodd y dyn wrtha i na fyddai angen bod yn y gwaith dydd Llun a Mawrth?	1	0			
f62e764322138ed7b501fc7d2d63a83664186826858d97d40109ef1394c3fad0f0cb1f94d359af7bed79c5ceb1a255a0b5f06e5f3b9b61e22e48712d26a25783	a36584b872271b5021ba611f6d47cc35f80e2580e83d93fc472a32ca7c4a2526553e1693aa478acd99fd5a204424f19a760fe9c055eabd3ec9d17a121c7cf87f.mp3	Wyt ti wedi ffeindio'r pethau hŷn?	0	1			
f62e764322138ed7b501fc7d2d63a83664186826858d97d40109ef1394c3fad0f0cb1f94d359af7bed79c5ceb1a255a0b5f06e5f3b9b61e22e48712d26a25783	49ff76cc7f14fb3f03614b914add63b06ffe30661873d3ab30124e226f5f4360dae1e566bfdf478f90fd3c58ff0315820bc2ccc3a95b0e0c07698f2e39bce05e.mp3	Rydw i'n gorfod gyrru yn aml wythnos nesaf ond dydw i ddim yn gwybod pryd yn union?	1	0			
f62e764322138ed7b501fc7d2d63a83664186826858d97d40109ef1394c3fad0f0cb1f94d359af7bed79c5ceb1a255a0b5f06e5f3b9b61e22e48712d26a25783	eb2565b527d97cc7c67d5981d57ff0fa2827e434837b12766c19bb8835e26ec231234209bac32b0df967ee47c024f8e01c4310af34576de00d3505bd151c09d3.mp3	Mae eu crysau coch yn aros ar y cae chwarae rygbi ar ôl bob gem.	0	1			
f62e764322138ed7b501fc7d2d63a83664186826858d97d40109ef1394c3fad0f0cb1f94d359af7bed79c5ceb1a255a0b5f06e5f3b9b61e22e48712d26a25783	903c0571bde405706f81cc30d7b47cb25639134b11e741dd65f227446fda11a3a95582e2c7dfc3c53430d10260a82bc3120af459a37c23d9c1efea0bb2546276.mp3	Roedd e'n sefyllfa anodd i chi eleni.	1	0			
f62e764322138ed7b501fc7d2d63a83664186826858d97d40109ef1394c3fad0f0cb1f94d359af7bed79c5ceb1a255a0b5f06e5f3b9b61e22e48712d26a25783	7583f212a8b0d800c85500c9c04b3df61bea45a6478c05a3a2a30974c964943f3836578c8c90ec6607ef7f87fb91d2232f49985404f87380f513ef8ec5d6d736.mp3	Mae'r teulu welaist ti flwyddyn ddiwethaf yn hyfryd felly rhaid i ni siarad gyda nhw eto.	0	0			
f62e764322138ed7b501fc7d2d63a83664186826858d97d40109ef1394c3fad0f0cb1f94d359af7bed79c5ceb1a255a0b5f06e5f3b9b61e22e48712d26a25783	d3ed34ed5fd2607d5ef56f760b0989c14676dc49e9211b099da43d23f5a1ca378155d92680692233ecb72186e3122e9a8be1e43957a4dcb39a3cf3b7b5b0642f.mp3	Roedd angen iddyn nhw stopio'r cŵn rhag bod yn ddrwg.	1	0			
f62e764322138ed7b501fc7d2d63a83664186826858d97d40109ef1394c3fad0f0cb1f94d359af7bed79c5ceb1a255a0b5f06e5f3b9b61e22e48712d26a25783	9ccc6d70a7b72d94dfa792b75d7e85056b42079b4864ade9256f6606c769464036624f88566425837b0ef645ad3093749e1c2ab1dcfd55a5777a06c014c30e43.mp3	Oes angen tynnu unrhyw beth arall allan o'r wal cyn i chi symud?	1	0			
f62e764322138ed7b501fc7d2d63a83664186826858d97d40109ef1394c3fad0f0cb1f94d359af7bed79c5ceb1a255a0b5f06e5f3b9b61e22e48712d26a25783	edd96317dda5b7b125fa9ecd35ca090f07485a8dfe99fc92bab1e4e9f688666e1859bb101506a459b570f255084a639a2992dcb75a298ab1a437045661b36e6a.mp3	Roedden nhw'n gwylio ffilm ryfedd oedd ymlaen am awr.	1	0			
f62e764322138ed7b501fc7d2d63a83664186826858d97d40109ef1394c3fad0f0cb1f94d359af7bed79c5ceb1a255a0b5f06e5f3b9b61e22e48712d26a25783	c73053642edbb1a79ffcda23cfe66044892cbe200695a19540165561c4a8890cdb1ce21f92e2307903fb657e28b513daf00a7bbc5ce0afad853d300adcd5b73d.mp3	Mae ychydig gormod o waith y tro yma.	1	0			
f62e764322138ed7b501fc7d2d63a83664186826858d97d40109ef1394c3fad0f0cb1f94d359af7bed79c5ceb1a255a0b5f06e5f3b9b61e22e48712d26a25783	1c8b68a8a4fbffceac6e0485843151a1275f76b209b36beac6f62dc714411381b6764c58be7cc564e475fbe75c7c01ae0bc524a60eaeb43b8fc8c70018d91310.mp3	"Mae'n anhygoel."	1	0			
f62e764322138ed7b501fc7d2d63a83664186826858d97d40109ef1394c3fad0f0cb1f94d359af7bed79c5ceb1a255a0b5f06e5f3b9b61e22e48712d26a25783	18d2571e156ba109904de2b196517cf4aad8027fa564ce550a0d0b1e44281eaaa7b96a7ffd8c63157ad64f27c46b732db847b00f4bd29f06b4dad6809c259357.mp3	Prosser, llaeth, llaw, cegddu, stow, troell, teitl, Moi	0	1			
f62e764322138ed7b501fc7d2d63a83664186826858d97d40109ef1394c3fad0f0cb1f94d359af7bed79c5ceb1a255a0b5f06e5f3b9b61e22e48712d26a25783	c2e7f64a7960ec0d8bb435e800e65e7274f407f916974f4fb3eb380370ad110ee4371e47a5f379cbf0b23a6e625971d338e488265d2a033fd095da8d524948fb.mp3	Oni byddi gryf, bydd gyfrwys.	1	0			
f62e764322138ed7b501fc7d2d63a83664186826858d97d40109ef1394c3fad0f0cb1f94d359af7bed79c5ceb1a255a0b5f06e5f3b9b61e22e48712d26a25783	cfceaeb36b08b021381e1863280882d4ef0c29319a7897b7147d0c3de9cacfc1ff794d28889f31fc9bef28b5a4d1ddba4b789f32a4aa15710d6f22a02fa71291.mp3	Nac ydw.	1	0			
f62e764322138ed7b501fc7d2d63a83664186826858d97d40109ef1394c3fad0f0cb1f94d359af7bed79c5ceb1a255a0b5f06e5f3b9b61e22e48712d26a25783	b54481a3a6cec5e98d90231b4f6130ae4f41bda6eef4318e5be8b8b08693c9e83db967440c5af6760cb9bf4944fdaf87579dc10d80f90daf0f2f2a6d1074847e.mp3	Beth fydd pethau fel dros Nadolig os nag oes dim lle ar gael yn y tŷ?	1	0			
f62e764322138ed7b501fc7d2d63a83664186826858d97d40109ef1394c3fad0f0cb1f94d359af7bed79c5ceb1a255a0b5f06e5f3b9b61e22e48712d26a25783	9d581d2dcd0450966cac75119a0ca57c789f4b90cc446cd54d7a023b0e9a865fb8d981452b2e6168ca4dbf20be16a474023d5a89c1958f1370b8e8187784af07.mp3	Ydy, mae hi'n digwydd bod yma felly rydw i wedi dod yn ôl am y sgwrs.	1	0			
f62e764322138ed7b501fc7d2d63a83664186826858d97d40109ef1394c3fad0f0cb1f94d359af7bed79c5ceb1a255a0b5f06e5f3b9b61e22e48712d26a25783	8b753627c01e57ab78ab179c1a43686c0ef16d653da7df43ebce8afae373af0d7a501c45a75fc40d69e20c56f2eecab2d97f47e141a9c893cd4f72036f122630.mp3	O le ges di'r arian i fynd i siopa ddoe?	0	0			
f62e764322138ed7b501fc7d2d63a83664186826858d97d40109ef1394c3fad0f0cb1f94d359af7bed79c5ceb1a255a0b5f06e5f3b9b61e22e48712d26a25783	490ed1571701f32ee9e7bf9e7a47fda84e4f10be76a391993378732fd2c42af4721b6c4568f6e8b7e8f346cef8f14d6e4d485cac8e1a88797106596c50790de9.mp3	Bydd angen yr un sgiliau ar bob safle ond ar raddfa uwch.	1	0			
f62e764322138ed7b501fc7d2d63a83664186826858d97d40109ef1394c3fad0f0cb1f94d359af7bed79c5ceb1a255a0b5f06e5f3b9b61e22e48712d26a25783	add84ca90ec4b637a730e29c34542d11d4d5690d160d0a4919f45074a05b7e521afef64a8357a2a35ad3699ceed370c57c047e5aa5cea28829f2ef176aaf541f.mp3	Mae'r ddau yn chwarae yng nghae chwarae'r ysgol ger yr afon.	1	0			
f62e764322138ed7b501fc7d2d63a83664186826858d97d40109ef1394c3fad0f0cb1f94d359af7bed79c5ceb1a255a0b5f06e5f3b9b61e22e48712d26a25783	c0a47595ccdb27a951ee8fdf80fdcc7c3f8c78cd6ecd0e737d471b44e71bd13b6231d3857760e8085e396fc9b406fbbd35cac9df570c0f48baf80604dadcf360.mp3	Dw i eisiau bwyd.	1	0			
f62e764322138ed7b501fc7d2d63a83664186826858d97d40109ef1394c3fad0f0cb1f94d359af7bed79c5ceb1a255a0b5f06e5f3b9b61e22e48712d26a25783	c00df0488767a8e0fdc5d8ff9b5c02806b7088725532e8755ea2a88081f052f102064077be6a33bee3465bba8840b9ef6ebebcb11e01ba4435d0625cfb07b8e8.mp3	Cafodd y ffordd ei chau yn dilyn y digwyddiad.	1	0			
f62e764322138ed7b501fc7d2d63a83664186826858d97d40109ef1394c3fad0f0cb1f94d359af7bed79c5ceb1a255a0b5f06e5f3b9b61e22e48712d26a25783	14db8eba19c14596fb1ffc8b800d2ebdc231916a13d11c606b11e1b212d15b1d124e23cc46291114626eeb2491e7c9f76a067942ad4dcb3add4cda9cb56e3778.mp3	Byddai'r rheiny yn dda i rywun i Nadolig ond wnaeth neb feddwl mewn pryd.	1	0			
f62e764322138ed7b501fc7d2d63a83664186826858d97d40109ef1394c3fad0f0cb1f94d359af7bed79c5ceb1a255a0b5f06e5f3b9b61e22e48712d26a25783	d258dd5e43921b238ec39b4c8128af026c0f00b909daf34545266fcd958b8c4ba2496e89dc828cb60bfc318dac84fdd0cd9ee30e91b6a8aa34685a4de1859955.mp3	Dydy o ddim yn ddigon da.	1	0			
f62e764322138ed7b501fc7d2d63a83664186826858d97d40109ef1394c3fad0f0cb1f94d359af7bed79c5ceb1a255a0b5f06e5f3b9b61e22e48712d26a25783	aa3e5f58de865caad0f801f157ee895d64caa1bf369bdd64681b69d036033d647c7b84b0449aee87f07f7296a2c2e70c28c11afadd6ab8eae8eacfa27ea4bc86.mp3	Mae'n debyg eu bod nhw gyda'i gilydd erbyn hyn ond dydw i ddim yn credu hynny.	0	0			
f62e764322138ed7b501fc7d2d63a83664186826858d97d40109ef1394c3fad0f0cb1f94d359af7bed79c5ceb1a255a0b5f06e5f3b9b61e22e48712d26a25783	2752ff955c9b15908a963cf42aab49cf995a87f43fe1d1319436501dde358524a9ef20d8e7454a523d48c694f1a5fa276bfa3cb8bd2a45298ae2601c658a10c5.mp3	Dydw i ddim yn gwybod os ydyn nhw'n siarad Cymraeg.	1	0			
f62e764322138ed7b501fc7d2d63a83664186826858d97d40109ef1394c3fad0f0cb1f94d359af7bed79c5ceb1a255a0b5f06e5f3b9b61e22e48712d26a25783	d07535a0fc7304d53f17309c112b84a05911bbbc8951c34243706cd223836cb46363248e6223d226cfb9d1552885d106c138d4fd2416892f7c59e7bb62340e4f.mp3	Mae'n siarad am ei bywyd cynnar i mewn i'r meicroffon gafodd hi i Nadolig.	1	0			
f62e764322138ed7b501fc7d2d63a83664186826858d97d40109ef1394c3fad0f0cb1f94d359af7bed79c5ceb1a255a0b5f06e5f3b9b61e22e48712d26a25783	5627721400f7ab8c30337166d61ca86227e183f3940c408c67f06f0fc7bbfaa7cf80e1a1a3aee7b2a69638bdd0b384891f72ede566dbd8e50eab5bbff6a1ce9a.mp3	Roedd rhaid mynd i'r swper ond wnes i ddim byd ond siarad meddai fy ngwraig.	1	0			
f62e764322138ed7b501fc7d2d63a83664186826858d97d40109ef1394c3fad0f0cb1f94d359af7bed79c5ceb1a255a0b5f06e5f3b9b61e22e48712d26a25783	cae4aba8246b17f1a75581c17268db0a8863d0dcf45eb59de3d6ef3bc5a6d2bcd3566399165698cab2eba23a01fe59047ac2763e836b9d09cd14386a7a9ca75a.mp3	Mae ein car yn digwydd bod rhywle o gwmpas fan hyn bellach os all hynny helpu o gwbl.	1	0			
f62e764322138ed7b501fc7d2d63a83664186826858d97d40109ef1394c3fad0f0cb1f94d359af7bed79c5ceb1a255a0b5f06e5f3b9b61e22e48712d26a25783	094e26a3a89b432bbd9858c816bf400a7178c45748e8b835864a289faba8abe8cec8d93dd8d57c8a6836a4bf1d9a1913e6af42bd7d86901bea34d88c524f316a.mp3	Rydw i'n siŵr mai fe ydy'r un i briodi.	1	0			
f62e764322138ed7b501fc7d2d63a83664186826858d97d40109ef1394c3fad0f0cb1f94d359af7bed79c5ceb1a255a0b5f06e5f3b9b61e22e48712d26a25783	89441c1d66cd90aa9377d8a0a0d3eba5bcca0b69a8f2a57fcbc7810e7e4c29625e180132ee30c524bfdad1ad9b33211090a0c2bb4638283cc6c61330982cc243.mp3	Dim ond y gorau sydd yn dysgu yn yr ysgol fach.	1	0			
f62e764322138ed7b501fc7d2d63a83664186826858d97d40109ef1394c3fad0f0cb1f94d359af7bed79c5ceb1a255a0b5f06e5f3b9b61e22e48712d26a25783	f7a38005e3201e1ac5ae61ddfc3db9551fd08e1d6a45b52066934df9de676fd6dd7bc0c72c8795db04bd4852699e5ff2c1366a5fb9240faafb19ae2bff26ca1b.mp3	Es i yna ac mae tipyn o hanes pawb ar gael.	1	0			
f62e764322138ed7b501fc7d2d63a83664186826858d97d40109ef1394c3fad0f0cb1f94d359af7bed79c5ceb1a255a0b5f06e5f3b9b61e22e48712d26a25783	31b5257765d9cb407ddf3703f784463aa469707fc4d5db06399e1b539c9d8810b759c5cfb7127094405f9b7a93b9fd3769620ef9c18d63f1188c2f05c8558903.mp3	Gall bopeth newid i dy fam yn y tŷ nawr a bydd hi'n hapus.	0	0			
f62e764322138ed7b501fc7d2d63a83664186826858d97d40109ef1394c3fad0f0cb1f94d359af7bed79c5ceb1a255a0b5f06e5f3b9b61e22e48712d26a25783	de5870948fab363cfad0cbb23c4ca5b2d0a17addf52de2e9339951e5c9fccdf43bceeb03bfe7038135ef1edc2a7e48f258d5f8ecca9ed3028ad9f55d1af22e88.mp3	Dim ots, gwaith dros dro yw'r recordio.	1	0			
f62e764322138ed7b501fc7d2d63a83664186826858d97d40109ef1394c3fad0f0cb1f94d359af7bed79c5ceb1a255a0b5f06e5f3b9b61e22e48712d26a25783	e6445d6d1d137ae07bd4d889922fb9b562dd7ee67b978063297b42e970b474f7f813273c922fc6acc80f60d9dd120a7c5785906d170dd7fbbfa720720a6eafe6.mp3	Dyma'r bechgyn Cymraeg ar gyfer y gêm yn y prynhawn.	0	0			
f62e764322138ed7b501fc7d2d63a83664186826858d97d40109ef1394c3fad0f0cb1f94d359af7bed79c5ceb1a255a0b5f06e5f3b9b61e22e48712d26a25783	6dcb1596cb6fec5f67a0c2dbcbb161b9c171201edcfff1fbaa1b591a4f6102894da2fa8c830494c966827e30190b3e52148a78bcd0ec2502b24ad20a53cee178.mp3	Mae'n bosib bydd y ceir yn dechrau symud ar eu pen eu hunain yn y dyfodol.	0	0			
f62e764322138ed7b501fc7d2d63a83664186826858d97d40109ef1394c3fad0f0cb1f94d359af7bed79c5ceb1a255a0b5f06e5f3b9b61e22e48712d26a25783	9614516389314964cc2e62034f4d75d9708d1c344217605f40532ca65d2cfcfaf84ac4385bfb247eb3ab135646c423c70b13f32de7ed463ab56a23731e14fba4.mp3	Rwyt ti lawer gwell ers yr annwyd.	1	0			
f62e764322138ed7b501fc7d2d63a83664186826858d97d40109ef1394c3fad0f0cb1f94d359af7bed79c5ceb1a255a0b5f06e5f3b9b61e22e48712d26a25783	cbaa3b409b06368b6abd5816e5c492c7d4f4940abbc7e4cc0c53ac8ea74c942cda559b836534c4733dca934d68c08b5f24495e1468af529fd8d09d4da20a5ced.mp3	Rydw i'n gorfod mynd i ôl y plant a'u gyrru i'r côr.	0	1			
f62e764322138ed7b501fc7d2d63a83664186826858d97d40109ef1394c3fad0f0cb1f94d359af7bed79c5ceb1a255a0b5f06e5f3b9b61e22e48712d26a25783	5c53fb4397169b319c662039b6e28ef42dbe55b77250c1b1279a4f408126247957f6f19a78a4caddc2db00c7d2ce9c69efaeadfc08415dc0b478c5c38bf979ab.mp3	Rhedais i ffwrdd heb ddweud dim wrthi am beth ddigwyddodd.	0	1			
f62e764322138ed7b501fc7d2d63a83664186826858d97d40109ef1394c3fad0f0cb1f94d359af7bed79c5ceb1a255a0b5f06e5f3b9b61e22e48712d26a25783	59811ee199ed45a4c48f8eca7101bc5ca385848b28f8d907dd0b3eec40107040a386f3bad1b04573474a6a529039dda518d060a690bf7c523082b799355e6447.mp3	"Faint o'r gloch fydd y bws nesaf yn mynd heibio?"	1	0			
f62e764322138ed7b501fc7d2d63a83664186826858d97d40109ef1394c3fad0f0cb1f94d359af7bed79c5ceb1a255a0b5f06e5f3b9b61e22e48712d26a25783	4eeee4cf7844f276385fdb18780e8cfdc34a75bfe0c087b97f23aa0818f4a3c4d8149f173c4d95b7b60fefadefd1e01880c015218e45425b6ffcd5bac8cc1ef8.mp3	"Posibiliadau damcaniaethol yw'r rhain ar hyn o bryd."	1	0			
f62e764322138ed7b501fc7d2d63a83664186826858d97d40109ef1394c3fad0f0cb1f94d359af7bed79c5ceb1a255a0b5f06e5f3b9b61e22e48712d26a25783	dec7b8ba9d5b5886c13833f3dfcd441312edca73ed7bbcf8d28c0b78f92eafa7992d5765d32f34d0873e3ba8105d436b3bc20b354709da60e295bb826f22e76f.mp3	Mae'r coleg yn cau am yr Haf wedi dydd Llun felly gallwn ni ddim mynd a'r llyfrau yn ôl.	1	0			
f62e764322138ed7b501fc7d2d63a83664186826858d97d40109ef1394c3fad0f0cb1f94d359af7bed79c5ceb1a255a0b5f06e5f3b9b61e22e48712d26a25783	ec46cb6bd42f24b1f4c6d4271d57155fbc0b5dad10216cb95e74f60495366688270bc843cede27db7c3dd3b3dfb39ce7890b70c762262ef182f5acc32beddd20.mp3	Wyt ti dal yn mynd i fwyta'r holl beth?!	1	0			
f62e764322138ed7b501fc7d2d63a83664186826858d97d40109ef1394c3fad0f0cb1f94d359af7bed79c5ceb1a255a0b5f06e5f3b9b61e22e48712d26a25783	79e9619da9fba83f69af103e836d5e52803e0ec7ef4ed5dab4f983568656ad0fc242af2c3e65eb4136991409cb986a04c8c058bd7445294e8f9c271761ab7a7d.mp3	Beth ydy dy hoff bwnc?	0	0			
f62e764322138ed7b501fc7d2d63a83664186826858d97d40109ef1394c3fad0f0cb1f94d359af7bed79c5ceb1a255a0b5f06e5f3b9b61e22e48712d26a25783	6035736e506e5a70e817993fa864ace1f59d97919bb654632d35db014ee0c4608d20ccc43efb3208a2121e12e50ae65ad69920e79f20f40d84bdcc69c3fa985c.mp3	Mae'n teimlo fel bydd hi'n bwrw glaw yn y cymoedd o'r diwedd.	1	0			
f62e764322138ed7b501fc7d2d63a83664186826858d97d40109ef1394c3fad0f0cb1f94d359af7bed79c5ceb1a255a0b5f06e5f3b9b61e22e48712d26a25783	f41ac1d3b5796985d2bd4fa2ce3c87595589002baeba2d06cac89f3474f1b3d063ea1a596989d609b3180fb803aa3022224b67470b7bce798caf43c5b21c55c6.mp3	Aros i glywed cân mam y ferch ar y radio fyddai orau.	1	0			
f62e764322138ed7b501fc7d2d63a83664186826858d97d40109ef1394c3fad0f0cb1f94d359af7bed79c5ceb1a255a0b5f06e5f3b9b61e22e48712d26a25783	795ff4f8acdb282863fa43f23cc6546d9cf2e3184af213dcf429423e6db5aa59d40b9aec9adc4489a838c37df000f3dd0cac8edf76243b26f7d15f5bf2939738.mp3	Mae'n hawdd iawn i wneud paned da o de.	1	0			
f62e764322138ed7b501fc7d2d63a83664186826858d97d40109ef1394c3fad0f0cb1f94d359af7bed79c5ceb1a255a0b5f06e5f3b9b61e22e48712d26a25783	14c765ba058df144c48255b67a2f253bee16308a9a6f96151033369379dd0039226045ab1763632d507a4a1db2be00212ed782a5c899ec38118f4f3ac340848a.mp3	Ga i fy mhres pensiwn, plîs?	1	0			
f62e764322138ed7b501fc7d2d63a83664186826858d97d40109ef1394c3fad0f0cb1f94d359af7bed79c5ceb1a255a0b5f06e5f3b9b61e22e48712d26a25783	dbe70bed8a56f63f82cb7e47b4aa92283c921d0fb4793330605e1f7dd2590f56c0ff5ccce36c2e80c05c86051599ccaa44e25b6e4e2c1ae0dd84d830492052df.mp3	Wyt ti wedi cofio pethau mor dda erioed?	1	0			
f62e764322138ed7b501fc7d2d63a83664186826858d97d40109ef1394c3fad0f0cb1f94d359af7bed79c5ceb1a255a0b5f06e5f3b9b61e22e48712d26a25783	3c1d806843c610d808b5c0b73329eafc50e3b17e4eaca93a608c314644944f4d9a19562973cf9663d67127ce761eb2b53b90f758a16cc6cacc407ddfd1c32bc5.mp3	Ni'n symud mewn gyda nhw wythnos nesaf felly dyma'r cyfeiriad ar gyfer y llyfrau.	1	0			
b52af525fdecc382aec664ef908481ae134a1e923df2ba79cc418ba40cfba8a73664f33a1c840cc5ad3e76fe50236764170ef045fa72f9dfe1e0610bc715f3d5	750058f5e2f2d76d8ec8ebf65f4e970b9510f7304fe9f7757351d3355a297c8963ca881712e1774d3649acc5d4070d23fdef2f9ffeed6a50d479d3c65178b480.mp3	Ydych chi'n cofio beth yw'r pethau yna?	1	0			
b52af525fdecc382aec664ef908481ae134a1e923df2ba79cc418ba40cfba8a73664f33a1c840cc5ad3e76fe50236764170ef045fa72f9dfe1e0610bc715f3d5	de51580c2dc0645c6113b79a82c37bd6e5387502763df7f95c3918c00b5b1540f9655b64989c62131d1f5decbd86d3fe5b741cf9eaed1104c94f745fa01b7818.mp3	Mae'n hawdd iawn i wneud paned da o de.	0	0			
b52af525fdecc382aec664ef908481ae134a1e923df2ba79cc418ba40cfba8a73664f33a1c840cc5ad3e76fe50236764170ef045fa72f9dfe1e0610bc715f3d5	3ba6cf770bad77b7d8f8b550a7481dce953420fde1b374392740c32f8be9a92d08da3dc413401f14a55b5b17936e7c5be57490ee2ca2667aecda40bffd546a63.mp3	Dydych chi ddim yn bod yn gwrtais felly ewch yn ôl i'ch ystafelloedd.	0	0			
b52af525fdecc382aec664ef908481ae134a1e923df2ba79cc418ba40cfba8a73664f33a1c840cc5ad3e76fe50236764170ef045fa72f9dfe1e0610bc715f3d5	ab6ba6937c5cf6a092c50c1b2b466e05a82c4f1f8737f36de731d003985b725f418a65e4bf28fbe0c1d1d9b92f39a37503f352c2ac41be5f223208842f591943.mp3	Mae gen i deimlad na fyddai hi'n deall heb esboniad call.	1	0			
b52af525fdecc382aec664ef908481ae134a1e923df2ba79cc418ba40cfba8a73664f33a1c840cc5ad3e76fe50236764170ef045fa72f9dfe1e0610bc715f3d5	9ff4d19697ff318f50dd939560c2ace402e508721f11f1efc27e21945cc97b5ce0eb8246459c91279d1edff2ef758a0cd8553f506a589c995628fd21eeea7cdd.mp3	Roedden nhw'n gwylio ffilm ryfedd oedd ymlaen am awr.	0	0			
b52af525fdecc382aec664ef908481ae134a1e923df2ba79cc418ba40cfba8a73664f33a1c840cc5ad3e76fe50236764170ef045fa72f9dfe1e0610bc715f3d5	df27cc70d178dcfc7ae95c9d7c3f7ce695874b506fa3fb2236124e57ce794a7e0fc4e996a21960a22bd6d4d78b7c86dc2188a57d76c2b7008a000f601abb8c4b.mp3	Ydy, mae hi'n digwydd bod yma felly rydw i wedi dod yn ôl am y sgwrs.	0	0			
b52af525fdecc382aec664ef908481ae134a1e923df2ba79cc418ba40cfba8a73664f33a1c840cc5ad3e76fe50236764170ef045fa72f9dfe1e0610bc715f3d5	bbbb3fc0829f5ab8b4cd61d50bbd1c51d3dd0aadf85c23e3f8e7f55d6f0eeeb95e6cbd6b0edbb1dca078d4930d5023737a9dd6adb84a8edc3840a27f1737b32a.mp3	Dyna newyddion ofnadwy yn y papur am y rhai a aeth i ben y mynydd.	1	0			
b52af525fdecc382aec664ef908481ae134a1e923df2ba79cc418ba40cfba8a73664f33a1c840cc5ad3e76fe50236764170ef045fa72f9dfe1e0610bc715f3d5	dea3248b406bc0f667acb464d6dfee9fa888478965a772b1145af69f368ca9694a01fba855a42eeae2ed0a0805ded41cb11959ca877ac85caf8350b3ce59ec9b.mp3	Byddai angen mynd lawr i'r siop ar y bws i gyrraedd mewn pryd.	1	0			
b52af525fdecc382aec664ef908481ae134a1e923df2ba79cc418ba40cfba8a73664f33a1c840cc5ad3e76fe50236764170ef045fa72f9dfe1e0610bc715f3d5	b98a8c512437955c5d61c3529bf00c4ba7ae438fea7ac884d9e6a52247c24ac7465a5645178be37b540914899b6343218a7b376774404a641647a318029926c5.mp3	Byddai'n dda gallu mynd dydd Sul i gael profiad hollol wahanol.	1	0			
a1f0d7ba34e0b1fa0e135afbb58b94619c63f96fefd56bace6f9f9abcdb6b31dc846644b66df6cc27d88d4d23e27de599fd11e0ee2c07ff8ad9de7872d206f7d	037fdeb592a4c3ffef85c367718eb890661719675252c3409200c6cb633448c9344d75600f3db21ad30470ce4d548d5cfb9dd6717be2d8ffbc5391d38615b13f.mp3	Fi'n credu mai ti yw'r ffrind mwyaf hyfryd a dyna'r peth pwysig, ti werth y byd.	1	0			
a1f0d7ba34e0b1fa0e135afbb58b94619c63f96fefd56bace6f9f9abcdb6b31dc846644b66df6cc27d88d4d23e27de599fd11e0ee2c07ff8ad9de7872d206f7d	64c2e910b6b0ebfff854e370b8eb9bc7c43d25af6bb070f9c95bf7b21c20ebc8437759acc0d9610a69dbc1af0815ad50c3faa0cb8ea4647fc2ade5e6f48e413f.mp3	Dydy hi ddim ond yn ddydd Mawrth heddiw felly dim cwyno ar y cwrs.	1	0			
a1f0d7ba34e0b1fa0e135afbb58b94619c63f96fefd56bace6f9f9abcdb6b31dc846644b66df6cc27d88d4d23e27de599fd11e0ee2c07ff8ad9de7872d206f7d	8b1eb6943eb078b4374bb4fcef2103935ae3038e9f27debb0cb3f3000de134680bc098c36da8de901ba616371dce1993ec251d66172a7d4bab05914ed58ddcfe.mp3	Dyna newyddion ofnadwy yn y papur am y rhai a aeth i ben y mynydd.	1	0			
a1f0d7ba34e0b1fa0e135afbb58b94619c63f96fefd56bace6f9f9abcdb6b31dc846644b66df6cc27d88d4d23e27de599fd11e0ee2c07ff8ad9de7872d206f7d	64002f3e5008e1475f1cfee22068c16f2a4244f036effcc4b6b3c0e50e4bf268ac2787359e647b57efbeb3bf9814b533a69f3a925af9c97ad5cfe4fca33cb2d2.mp3	Ga i fy mhres pensiwn, plîs?	1	0			
a1f0d7ba34e0b1fa0e135afbb58b94619c63f96fefd56bace6f9f9abcdb6b31dc846644b66df6cc27d88d4d23e27de599fd11e0ee2c07ff8ad9de7872d206f7d	617b634e33ef175e6aef0a014febaf29b05e7785557fc32b3885ee180f27d48dcecb9bd5ece9753a7776248b2e3905e4ed2e6efeced0bdb435bde90060b36afd.mp3	Rydw i'n mynd ymlaen â'r gwaith heb gymryd dyddiau gwyliau dros y Nadolig.	0	0			
a1f0d7ba34e0b1fa0e135afbb58b94619c63f96fefd56bace6f9f9abcdb6b31dc846644b66df6cc27d88d4d23e27de599fd11e0ee2c07ff8ad9de7872d206f7d	41b6abeda9b623c7b52ba3c284e837fc6c76360e02bb1d1000bbaa377b86f69e4ab14362fc7fe7557f38c32e48835dc763b444f44d67ff949f9697d5d14ccacb.mp3	Roedd rhaid mynd i'r swper ond wnes i ddim byd ond siarad meddai fy ngwraig.	1	0			
a1f0d7ba34e0b1fa0e135afbb58b94619c63f96fefd56bace6f9f9abcdb6b31dc846644b66df6cc27d88d4d23e27de599fd11e0ee2c07ff8ad9de7872d206f7d	c2dcd8581426d185c3fe6b3cffe00bd04731041ec6d1cef4c685935bfc9242bcfc61f82b7ca3a7ff5b69de93bd4f1259419654be92c465ef1e1602d439a55f7d.mp3	Oes gwesty yn yr ardal?	1	0			
a1f0d7ba34e0b1fa0e135afbb58b94619c63f96fefd56bace6f9f9abcdb6b31dc846644b66df6cc27d88d4d23e27de599fd11e0ee2c07ff8ad9de7872d206f7d	2cc36b71561b9f7e331cfc42f25610938b41aea50742655e9050bf87077b5fb53f5327a5c310ab4ee967b210b2bfadc4257652d5ed8c51412ce4b4eac2486027.mp3	Roeddech chi o gwmpas ddoe yn cerdded gyda nhw am awr.	1	0			
a1f0d7ba34e0b1fa0e135afbb58b94619c63f96fefd56bace6f9f9abcdb6b31dc846644b66df6cc27d88d4d23e27de599fd11e0ee2c07ff8ad9de7872d206f7d	fc7e3391f60e3447a6f5e46aa66c42b45c0b02be9408fc905ffa2e69d770105581c72005374888b8c47afeff13e1c038aa1e33754c415f1ea9a639baafc5ef1d.mp3	Ydy, mae aros gyda ni wrth y môr yn syniad ofnadwy i rywun sydd yn ofn storm.	0	0			
a1f0d7ba34e0b1fa0e135afbb58b94619c63f96fefd56bace6f9f9abcdb6b31dc846644b66df6cc27d88d4d23e27de599fd11e0ee2c07ff8ad9de7872d206f7d	36c5051420450c39da29fe50ceb2f1c36c5a68d5d30f32ebc6866f4622ee13c7c65da455a10dc9f79ce26efe223a70455cee24e1793c83079aec304a31b412d0.mp3	Bydd fy ngwraig yn dod i aros gyda fi unrhyw funud.	1	0			
a1f0d7ba34e0b1fa0e135afbb58b94619c63f96fefd56bace6f9f9abcdb6b31dc846644b66df6cc27d88d4d23e27de599fd11e0ee2c07ff8ad9de7872d206f7d	821c7bda65d1c31704721b202edafdb613305b089211c5ba76ea92a7d84b6fb124c8c1d69427ab948bb7e35eb5165024e9b5fb3d05ba6ed9affae39212cd1fd2.mp3	Awn ni gyda hi mewn pryd, ymhell cyn iddi agor er mwyn gwneud yn siŵr.	0	0			
a1f0d7ba34e0b1fa0e135afbb58b94619c63f96fefd56bace6f9f9abcdb6b31dc846644b66df6cc27d88d4d23e27de599fd11e0ee2c07ff8ad9de7872d206f7d	59f965f3c2cc7a76b1dc350c0d44d3fa115421ac42111ffc02c13562c7dfad55c60d34d0e051a2f303ff957d7620cd4fe52af70256cfa4da383b75f89242b15b.mp3	Beth yw cyfraith Hywel Dda?	1	0			
a1f0d7ba34e0b1fa0e135afbb58b94619c63f96fefd56bace6f9f9abcdb6b31dc846644b66df6cc27d88d4d23e27de599fd11e0ee2c07ff8ad9de7872d206f7d	743d820a2da3c25b1c2afb796884cd944ec57ce6d6ad487b4d58fc68f452440ca3adb855bdcb99071654e7a60e8686c9053db15f5a364dfcb929463798eb9011.mp3	Dyma fy ystafell gyda'r gwely newydd.	1	0			
a1f0d7ba34e0b1fa0e135afbb58b94619c63f96fefd56bace6f9f9abcdb6b31dc846644b66df6cc27d88d4d23e27de599fd11e0ee2c07ff8ad9de7872d206f7d	799583681de4a5ebcc66eae011ccd7e3c3085e5e813458431792b10147cc588fa23c2e86dabccbcb3c00b045f27b3c546fce3fe0550b79dec7ca44843d711413.mp3	Mae angen sicrhau fod popeth yn iawn cyn dechrau'r cyfarfod.	1	0			
a1f0d7ba34e0b1fa0e135afbb58b94619c63f96fefd56bace6f9f9abcdb6b31dc846644b66df6cc27d88d4d23e27de599fd11e0ee2c07ff8ad9de7872d206f7d	764e0bebfe32f0f4d0d65c9041c4bf2c5c239957ad7fbf35701680e966da55db9d3a0fda2d1bf369bc865618fd099f611662ac0eaaf00da748295ef8ff019928.mp3	Mae modd rhedeg neu gerdded trwy'r cae yn y lle newydd ond dewch nôl os yw'n ormod i chi.	1	0			
a1f0d7ba34e0b1fa0e135afbb58b94619c63f96fefd56bace6f9f9abcdb6b31dc846644b66df6cc27d88d4d23e27de599fd11e0ee2c07ff8ad9de7872d206f7d	563b0d3bb94fb32b1d636404cafe9036cda591f9e2888c9fce9e20f043ca73714023f68f454366c0f24f7c70d3077122a0c304d14290bfe59f5e2a13781fd2d6.mp3	Doeddwn i ddim yn siŵr beth oedd angen prynu ar gyfer y parti.	1	0			
a1f0d7ba34e0b1fa0e135afbb58b94619c63f96fefd56bace6f9f9abcdb6b31dc846644b66df6cc27d88d4d23e27de599fd11e0ee2c07ff8ad9de7872d206f7d	4c053bc68c673bb5228847ad2477f78c0f05335ec65fd5a5a125b338322ab4382a06e0c3bfbeaac6eab4af0bfbae73cbad62b442c59afda3f129f2f1a25c1280.mp3	"Dw i'n ofni pryfed cop."	1	0			
a1f0d7ba34e0b1fa0e135afbb58b94619c63f96fefd56bace6f9f9abcdb6b31dc846644b66df6cc27d88d4d23e27de599fd11e0ee2c07ff8ad9de7872d206f7d	feee9b53e186583347f6956a21d4dd0cb34c278c7e37167f62555dde9351c7cff310dc58f8e0b89433729828fb9351c112c9a0115078526990efb88847abe553.mp3	Dim ots, gwaith dros dro yw'r recordio.	1	0			
a1f0d7ba34e0b1fa0e135afbb58b94619c63f96fefd56bace6f9f9abcdb6b31dc846644b66df6cc27d88d4d23e27de599fd11e0ee2c07ff8ad9de7872d206f7d	5b5c17be0a02e589ba814ce8f2bcfb2ecf933d27ab80761408f817f8192166eea97c566c4d81efa4e0f97040d7ec8e10735ca2ac1622d014a4964f7e063a9502.mp3	Dim ond y gorau sydd yn dysgu yn yr ysgol fach.	1	0			
a1f0d7ba34e0b1fa0e135afbb58b94619c63f96fefd56bace6f9f9abcdb6b31dc846644b66df6cc27d88d4d23e27de599fd11e0ee2c07ff8ad9de7872d206f7d	96edbdcb1f2cd28aebd566ea51d44f3b7ef4469fef9dccb3307809373d0b14213ee38779606075fd48921cca25f91195c3498b54732c6a774e80beb9d5b3db17.mp3	Dydy hi ddim yn edrych am neb gwahanol i ni'n dau.	1	0			
a1f0d7ba34e0b1fa0e135afbb58b94619c63f96fefd56bace6f9f9abcdb6b31dc846644b66df6cc27d88d4d23e27de599fd11e0ee2c07ff8ad9de7872d206f7d	a17e38eb76aeae09ac107972ed91dcf0f9739be87387335378dba5de56016ac18495843223bcd25c0ccf6363c16e8252e51bb47cbda783bca026d7fa4068a69f.mp3	Mae angen i ti ofyn am beth hoffet ti gael yn y bwyty.	1	0			
a1f0d7ba34e0b1fa0e135afbb58b94619c63f96fefd56bace6f9f9abcdb6b31dc846644b66df6cc27d88d4d23e27de599fd11e0ee2c07ff8ad9de7872d206f7d	d039701b3286b22116dee5bbbf6fedbc948f692016825ef1158ba7a71e43c06f03dd8f5074378348c48d38ad91b9ef3b608173d6e29600253f11c3176839d85b.mp3	Es i draw at y dyn ac mae ugain llyfr ar ôl i'r ferch allu cael dros yr haf.	1	0			
a1f0d7ba34e0b1fa0e135afbb58b94619c63f96fefd56bace6f9f9abcdb6b31dc846644b66df6cc27d88d4d23e27de599fd11e0ee2c07ff8ad9de7872d206f7d	fc54180f361d8ecfcb1f29b01b4a941ee485a9b574004ae2fd96555ee2ed63a2e63a66bd1cca035eb361321aafc653e77a65b0861a3daf7d47b7356e11021ea4.mp3	Gwaith hollol wahanol oedd hwnnw ers talwm.	0	0			
a1f0d7ba34e0b1fa0e135afbb58b94619c63f96fefd56bace6f9f9abcdb6b31dc846644b66df6cc27d88d4d23e27de599fd11e0ee2c07ff8ad9de7872d206f7d	fd67183ac1df95e4efbbd4cde9bfbe3a11f50e27e10d2ba4cdd09debd25eacedfcdf80c1ae308a60c9169777d1929e97e3b1c07e4e9e254fdd43301c9fca63d5.mp3	"Posibiliadau damcaniaethol yw'r rhain ar hyn o bryd."	1	0			
a1f0d7ba34e0b1fa0e135afbb58b94619c63f96fefd56bace6f9f9abcdb6b31dc846644b66df6cc27d88d4d23e27de599fd11e0ee2c07ff8ad9de7872d206f7d	3c0b7f5f6710a1e73c709eaadad412f469936ba7b3f758a0a84aa78809e3e48eae465487fa0117355d14d7b71100550b0565b4196af0b71fdf9d213408dfa586.mp3	Mae angen cyrraedd ar amser er mwyn i ni weld y sioe.	1	0			
a1f0d7ba34e0b1fa0e135afbb58b94619c63f96fefd56bace6f9f9abcdb6b31dc846644b66df6cc27d88d4d23e27de599fd11e0ee2c07ff8ad9de7872d206f7d	164709863b8949914aa13fbab596b5de3c88212efdbf063164820d165c704f2ebcdc5577300f3d5e714a4383a5abcb3952d29f085d0093f52fdf5dd5a7934650.mp3	Doeddwn i ddim yn adnabod neb oedd o'r cwmni neithiwr felly wnes i yfed mwy nag arfer.	0	0			
a1f0d7ba34e0b1fa0e135afbb58b94619c63f96fefd56bace6f9f9abcdb6b31dc846644b66df6cc27d88d4d23e27de599fd11e0ee2c07ff8ad9de7872d206f7d	9a1f83eceb719f643d6282b2efa4eb9230d73ae54d02fefcd6c2bf74c674ebac21bd86a646b6e7f9ec8767ce70b732d33755289523a8d3da036b2a0b6e0c08fd.mp3	Bydd hi'n ffordd hir nôl i'r dechrau eto.	1	0			
a1f0d7ba34e0b1fa0e135afbb58b94619c63f96fefd56bace6f9f9abcdb6b31dc846644b66df6cc27d88d4d23e27de599fd11e0ee2c07ff8ad9de7872d206f7d	f7691ff367af8bc3f2fb2bd19f5363f0864c5b3677809955ff05979e4624019988e5341e05e2b0ad518e5ce1718831b12a4f688458321d92d4956a0c98f59e01.mp3	Efallai aeth hi i newid ac wedyn mynd i gerdded o gwmpas y castell ar ei phen ei hunan.	1	0			
a1f0d7ba34e0b1fa0e135afbb58b94619c63f96fefd56bace6f9f9abcdb6b31dc846644b66df6cc27d88d4d23e27de599fd11e0ee2c07ff8ad9de7872d206f7d	03cb42351b93acb10a82ddd91142bf643c58877cbe89e60da023e86f3f4244d057bc6346f0549352e39f4bae7b00ce5946044a4b8375ece1448dfa4c4d9d4aa5.mp3	Mae angen iddi ymarfer am flwyddyn o leiaf ac wedyn dechrau meddwl am lwyddo yn y prawf.	1	0			
a1f0d7ba34e0b1fa0e135afbb58b94619c63f96fefd56bace6f9f9abcdb6b31dc846644b66df6cc27d88d4d23e27de599fd11e0ee2c07ff8ad9de7872d206f7d	2ff58e8f63f88f49d67beb1052bf84a2ed77e13083398f5cb5d9ad35364deabb130caa4c622302f7bc424ebbbc4b0d4f5a9baae5c28642829d8ba55d7c7b38aa.mp3	Ai hanner awr neu chwarter awr yn hwyr nes di gyrraedd?	0	0			
a1f0d7ba34e0b1fa0e135afbb58b94619c63f96fefd56bace6f9f9abcdb6b31dc846644b66df6cc27d88d4d23e27de599fd11e0ee2c07ff8ad9de7872d206f7d	c14a6569871b174c9b964923f0c7a59ea08ac52dc73bace8e64d22e24c0329bfecb3e8fedc3799aa86700458b684c2236e66a92aafdc4b72f5a92a7582fc22b7.mp3	Bore da, pwy sydd am fynd i'r ystafell ymolchi gyntaf?	1	0			
bc100c7b1855d38de4277f7eb6e25f64f0a9fe7189def9df46613bb69858b1531688ece01a9c3eee112201a3e80d68385b2fd17ffc875ec124a7f5c0fe9aba4a	08030604ea90bb24422a9c3529af57f7fa4c4d100046c9537147dc5447f23458c90590e28df9a18b76bb71873167c913008bb314a9c23f122432c36969dd68e1.mp3	Mae fy chwiorydd yn dal i fyw a gweithio yn Llundain.	1	0			
bc100c7b1855d38de4277f7eb6e25f64f0a9fe7189def9df46613bb69858b1531688ece01a9c3eee112201a3e80d68385b2fd17ffc875ec124a7f5c0fe9aba4a	5e1bd5d4a673ef8e8f9022f44022b457bb10e95758119b5f8bc34d2cb97ac5ecce797d7c5ea21623216dacbf56c6c620ff01291d9044183aefdfc72f9c4fbea0.mp3	Mae hi'n ffrind o'r eglwys ddaeth am y diwrnod llynedd.	1	0			
bc100c7b1855d38de4277f7eb6e25f64f0a9fe7189def9df46613bb69858b1531688ece01a9c3eee112201a3e80d68385b2fd17ffc875ec124a7f5c0fe9aba4a	b145945c945aab548cf8678763b7ba6eed6fa68b5b81518c60b7adbf315ef7358ee849c717b975975f2c488596894f43f75b915468422252e283f788b66f0e23.mp3	Mae'n debyg eu bod nhw gyda'i gilydd erbyn hyn ond dydw i ddim yn credu hynny.	1	0			
bc100c7b1855d38de4277f7eb6e25f64f0a9fe7189def9df46613bb69858b1531688ece01a9c3eee112201a3e80d68385b2fd17ffc875ec124a7f5c0fe9aba4a	4f9335aee4bb4b5043dd1e6205872665c945c08eb440a36969b06bdfd8d5f586541e96e68c3fc2a5750890dd74a62bb6125cf46474c58858ca825b5faffe29fc.mp3	Mae angen edrych yn fanylach ar yr arian.	0	0			
bc100c7b1855d38de4277f7eb6e25f64f0a9fe7189def9df46613bb69858b1531688ece01a9c3eee112201a3e80d68385b2fd17ffc875ec124a7f5c0fe9aba4a	395d0ae01ccc88b6498d948ef6f345b21d23d01082bde870cfd55fe7b399848231a0a44870fa634f8e0b3638a28334e79a887eb18e8441f83f9e497b7cbafaea.mp3	Ond beth wnei di felly?	1	0			
bc100c7b1855d38de4277f7eb6e25f64f0a9fe7189def9df46613bb69858b1531688ece01a9c3eee112201a3e80d68385b2fd17ffc875ec124a7f5c0fe9aba4a	8e1ab527ced724f09b5c03c8e7d49459501c2d51d06ee62bbecc609bf9265e1a74c3ac9edce48826c7a5867515647bf3623d6501b2b5b57fe962bed5e2769837.mp3	Efallai aeth hi i newid ac wedyn mynd i gerdded o gwmpas y castell ar ei phen ei hunan.	1	0			
bc100c7b1855d38de4277f7eb6e25f64f0a9fe7189def9df46613bb69858b1531688ece01a9c3eee112201a3e80d68385b2fd17ffc875ec124a7f5c0fe9aba4a	8a1973c99a2aa99e98b39b39420d642b6a40069a19413262de0e624ddbbad9e8b57b4def888c9710528a384c50a92c037bc4f8b7115e35a2afe7064c39a4d056.mp3	Mae gen i rywbeth bach i roi i ti ar gyfer dy ben-blwydd.	1	0			
bc100c7b1855d38de4277f7eb6e25f64f0a9fe7189def9df46613bb69858b1531688ece01a9c3eee112201a3e80d68385b2fd17ffc875ec124a7f5c0fe9aba4a	a764ad88ce6f7f43e25732c2c4701b6eb79fb8cf8da084b8371436117b9fa34c9f1e1647f1329dd5d4f0e4ea32233aad77e46b5a342e40ee4007dcb019c63f10.mp3	Bydd deall mwy am ein sefyllfa yn eu synnu nhw.	1	0			
bc100c7b1855d38de4277f7eb6e25f64f0a9fe7189def9df46613bb69858b1531688ece01a9c3eee112201a3e80d68385b2fd17ffc875ec124a7f5c0fe9aba4a	a155555583d9e2c76b99ed3543178d447efbfb78b5792c0f06eb4d6ba663513b8967861c6f95b630539b71ca7c05674b85149c13afc6796c363cacf41e59e330.mp3	Chwaraea fiwsig roc	0	0			
bc100c7b1855d38de4277f7eb6e25f64f0a9fe7189def9df46613bb69858b1531688ece01a9c3eee112201a3e80d68385b2fd17ffc875ec124a7f5c0fe9aba4a	97bb28a3c942e21d6253c16d53b7b5a0cc2acebe629a51a9a072c4943c12bb5dd9605549fe8b03cc85a25243dc7ca0ae780cc0f9008a309400f0d08710bd9204.mp3	Mae'r ddau'n cael hwyl gyda'i gilydd yn chwarae wrth y llyn.	0	0			
bc100c7b1855d38de4277f7eb6e25f64f0a9fe7189def9df46613bb69858b1531688ece01a9c3eee112201a3e80d68385b2fd17ffc875ec124a7f5c0fe9aba4a	890d4972b7f835497ccace1ca51e30428ab5729b094732196819b96da8871321c52a4bdca7db17765507b50e12aef872fd508935aabae4e7bcbd53263430dd6e.mp3	Doedd e ddim yn deg, wyt ti'n cofio nhw'n gorfod gadael flwyddyn ddiwethaf?	1	0			
bc100c7b1855d38de4277f7eb6e25f64f0a9fe7189def9df46613bb69858b1531688ece01a9c3eee112201a3e80d68385b2fd17ffc875ec124a7f5c0fe9aba4a	ba9121cec82310f6799e758686ed0ca6935705dc3c06aeb428316dfe8572ff806528d51c0379a0419033071e9e5bb9c1e9b9dd97ac8c20ebe3cb623005425441.mp3	Oes gen ti unrhyw arian ar ôl neu ai fe gaeth y cyfan?	1	0			
bc100c7b1855d38de4277f7eb6e25f64f0a9fe7189def9df46613bb69858b1531688ece01a9c3eee112201a3e80d68385b2fd17ffc875ec124a7f5c0fe9aba4a	f41502e4a47b82313889c9256c83a49b1da9bcb66723c926a73e7b6b05a071b58c827b6228d6e32697e215196d64f0f4a52462951e7aff82f1be3caec18935dc.mp3	Dw i wedi colli fy nhocyn.	0	0			
bc100c7b1855d38de4277f7eb6e25f64f0a9fe7189def9df46613bb69858b1531688ece01a9c3eee112201a3e80d68385b2fd17ffc875ec124a7f5c0fe9aba4a	66d38c5b0db7ca9a51b1cd338d1e185da893333ac5e61b5f9b3a358170129631857e30ece73723ea7f7255acca552f24f1e30d1456d504fc7ef5129f3d67c5d1.mp3	Dim ond y gorau sydd yn dysgu yn yr ysgol fach.	0	0			
bc100c7b1855d38de4277f7eb6e25f64f0a9fe7189def9df46613bb69858b1531688ece01a9c3eee112201a3e80d68385b2fd17ffc875ec124a7f5c0fe9aba4a	f1f7a94b3c48b97c04ff2abf7d6bd2a292e04bd91907d6e1ca083055623bfa288ac6dfc6f8be7e7a80b4e86ab62456ca7fb6d965f1660765dbe0d5d153b39b8e.mp3	Dylai fod tri neu bedwar car ar gael felly hen ddigon i ni gyd gyrraedd ar amser.	1	0			
bc100c7b1855d38de4277f7eb6e25f64f0a9fe7189def9df46613bb69858b1531688ece01a9c3eee112201a3e80d68385b2fd17ffc875ec124a7f5c0fe9aba4a	84544924f478c9ccdcac4464e3489bd119656b158a284e6486238c7acd65dd314d7d50d7df0588af698c6008211da4704a90ffbff86618c84f6cd6895b683459.mp3	Beth ydy dy hoff bwnc?	0	0			
bc100c7b1855d38de4277f7eb6e25f64f0a9fe7189def9df46613bb69858b1531688ece01a9c3eee112201a3e80d68385b2fd17ffc875ec124a7f5c0fe9aba4a	c35f488455704d61917e555d7e549acef499a4492fbfb9efd034721999f3b00c32d4bbddeaf57690a643ab7ff126b655ada8962f7914ec41147af963c79cbd04.mp3	Roedden nhw'n gwylio ffilm ryfedd oedd ymlaen am awr.	0	0			
bc100c7b1855d38de4277f7eb6e25f64f0a9fe7189def9df46613bb69858b1531688ece01a9c3eee112201a3e80d68385b2fd17ffc875ec124a7f5c0fe9aba4a	00695a1d9c572d542bdec4b28612fa0eadc7c98feec2580e9345739afcbd9d52e03206f636fcb703d52b801ce1832840621537ce56972f1802d826bc011defe4.mp3	Ydych chi'n cofio beth yw'r pethau yna?	0	0			
bc100c7b1855d38de4277f7eb6e25f64f0a9fe7189def9df46613bb69858b1531688ece01a9c3eee112201a3e80d68385b2fd17ffc875ec124a7f5c0fe9aba4a	2f276c2e8460645eaa25521db497888118dba5939313b57427dfac242da1ee4bbabc87c2e043619b3a1eec3308aeb615f3c7ca1ec3d088e3c5a8072b5b28c9be.mp3	Dywedodd y dyn wrtha i na fyddai angen bod yn y gwaith dydd Llun a Mawrth?	1	0			
bc100c7b1855d38de4277f7eb6e25f64f0a9fe7189def9df46613bb69858b1531688ece01a9c3eee112201a3e80d68385b2fd17ffc875ec124a7f5c0fe9aba4a	f38c067a7c452b06539fc13ee0e1659cab1d1e3d012bb3605d49079d3f4781540652a4501307bfea6df2d2b37a7727de52d84c9307fcf0b9d7b52f4b75c0c906.mp3	Oedd rhaid i ti ddweud nad oeddet ti'n gwybod unrhyw beth?	1	0			
bc100c7b1855d38de4277f7eb6e25f64f0a9fe7189def9df46613bb69858b1531688ece01a9c3eee112201a3e80d68385b2fd17ffc875ec124a7f5c0fe9aba4a	ff261bef9bfaf71547758e6de3b3c43b6317abfdac35e80a74e8deadd93a37503e8618c26225ef46f6c07798ae9bf04b77bea01b9e2c70c8939bb6e48bead4ff.mp3	Allan nhw eistedd rownd y bwrdd a chael pryd iawn.	1	0			
bc100c7b1855d38de4277f7eb6e25f64f0a9fe7189def9df46613bb69858b1531688ece01a9c3eee112201a3e80d68385b2fd17ffc875ec124a7f5c0fe9aba4a	3386f85770e5ca12ccc680d432922e9f88eaa4fac1b5f0e450ddc75e25a48afae2268ad48d781a6232c9a898851c53965352abc2c9dcfb2892898abd534e7cbd.mp3	Dw i eisiau bwyd.	1	0			
bc100c7b1855d38de4277f7eb6e25f64f0a9fe7189def9df46613bb69858b1531688ece01a9c3eee112201a3e80d68385b2fd17ffc875ec124a7f5c0fe9aba4a	01d868d864967e80d17d857b7ae2e03b5fc71f2fb48fcf3d5acd24cfe1bc372b9d13cfe5e3b944337f890953bfcdeb7af70e71abbc5d36af1f01d10d8ef77e17.mp3	Mae gennym ni lawer o ffrindiau o'r llefydd eraill hyd yn oed.	0	0			
bc100c7b1855d38de4277f7eb6e25f64f0a9fe7189def9df46613bb69858b1531688ece01a9c3eee112201a3e80d68385b2fd17ffc875ec124a7f5c0fe9aba4a	58139c68849e7d056db1dfc46358846cf13867397bd2bb3700e910bde3a59f034612b9a18828ad3db57eb34e9a7b7d2f8ddbda1bcce249dfdafb91dfe033f200.mp3	Mae hi'n byw yn agos i Gaernarfon felly bydd hi o gwmpas i roi help llaw os oes angen.	1	0			
bc100c7b1855d38de4277f7eb6e25f64f0a9fe7189def9df46613bb69858b1531688ece01a9c3eee112201a3e80d68385b2fd17ffc875ec124a7f5c0fe9aba4a	aaa870e8c9a8a4a6255af490f507db166a9446f75fe924196779e49c71b0951ad5e1180b987250540d5e2a20826b173f43211f344435d0770dcade1f697f320b.mp3	Mae gen i dipyn o waith heddiw cyn y briodas.	0	0			
bc100c7b1855d38de4277f7eb6e25f64f0a9fe7189def9df46613bb69858b1531688ece01a9c3eee112201a3e80d68385b2fd17ffc875ec124a7f5c0fe9aba4a	e9b78027210f60dfe6d4215e24a69e14777977a4334f3b662d2f9322318e99ee4a5b9cc9517e2c443aecdd322a8a49c67419c0f2e850246665edd1f70ed3b480.mp3	Fi'n credu mai ti yw'r ffrind mwyaf hyfryd a dyna'r peth pwysig, ti werth y byd.	1	0			
bc100c7b1855d38de4277f7eb6e25f64f0a9fe7189def9df46613bb69858b1531688ece01a9c3eee112201a3e80d68385b2fd17ffc875ec124a7f5c0fe9aba4a	1a3697fb5d5a53a838cfdba8966736f1b1aafe85f9af89f6a99d8ba00669e82c23ad671da904f900dcf64650a02a438c9d7f0b772cf286fe9f8c906c3faaa268.mp3	Beth mae e'n mynd i wneud am y defaid?	1	0			
bc100c7b1855d38de4277f7eb6e25f64f0a9fe7189def9df46613bb69858b1531688ece01a9c3eee112201a3e80d68385b2fd17ffc875ec124a7f5c0fe9aba4a	390e0bccc68198ae347f3184aa95987cff3bc33ffdadcfe43d462daaa3cea653bd4c8639391f45b12708195a4ce687bf2868e7fc50f2c8a91db3b2a8378d50b0.mp3	Dydw i ddim yn gwybod os wyt ti am werthu popeth dros y bythefnos gyfan.	1	0			
bc100c7b1855d38de4277f7eb6e25f64f0a9fe7189def9df46613bb69858b1531688ece01a9c3eee112201a3e80d68385b2fd17ffc875ec124a7f5c0fe9aba4a	ac76befcc801424c827ed55e7b27a0ee4049afc29a470afbf107c7c34ace2e11d0595417d6ee2b179e055b67f3046540d41112f5935037949ec98d90362ddae7.mp3	Yn anffodus roedd rhaid i mi fynd nôl i ail-sefyll.	0	0			
bc100c7b1855d38de4277f7eb6e25f64f0a9fe7189def9df46613bb69858b1531688ece01a9c3eee112201a3e80d68385b2fd17ffc875ec124a7f5c0fe9aba4a	8fdb4cca9149a23ce95b0442ed2cf3dc147168e3b8bde6a86afd98edda5cec7792e6b74d8e687dacd1961a769278ac0eb6368fef08e649c71da840833f88a6ed.mp3	Nai fynd rhywbryd wythnos nesaf ar ôl deg ond cyn deuddeg o'r gloch yn sicr.	1	0			
bc100c7b1855d38de4277f7eb6e25f64f0a9fe7189def9df46613bb69858b1531688ece01a9c3eee112201a3e80d68385b2fd17ffc875ec124a7f5c0fe9aba4a	7be8b27350f9f9518b4d7302e76e0303d40714f7e991eb1f765f823973972a46c9ad32a567cf99e7969f8c69e7e23e5b7e821febdcbf3a6d8faeeb342f210ca6.mp3	Dydw i wir ddim yn siŵr os dylai dy fam weld y lluniau cyn siarad gyda thi.	0	0			
bc100c7b1855d38de4277f7eb6e25f64f0a9fe7189def9df46613bb69858b1531688ece01a9c3eee112201a3e80d68385b2fd17ffc875ec124a7f5c0fe9aba4a	65e8a814fd57b48d7dd9a486d0bf378214060419cca8f6507948efae3ec5f19aaf97048b4b29c07915e81a3352ad459a29b312a80cf495d3b187f27c4163b1fe.mp3	Mae'r tywydd yn ddifrifol wael am ryw reswm wyddwn i ddim.	0	0			
cc399fc9dc774c5a46aabbc995481287ca0650b6ade5856098a5f4f054dc234789ce00f94fa6a09a9195e12e6a7f3ac84e982cfbae3be1aabf24690e5edc8528	04e52874f1fe7ade5441373d39dc0530fea175fac3416f3be25f29fc25d1706460867cb05ee315b0705f6da5b8403893faf26630b56179c44730f2a2bd3bfcac.mp3	Allwch chi esbonio beth yw prif nodweddion hunan bortread?	1	0	fourties	male	united_kingdom
cc399fc9dc774c5a46aabbc995481287ca0650b6ade5856098a5f4f054dc234789ce00f94fa6a09a9195e12e6a7f3ac84e982cfbae3be1aabf24690e5edc8528	bcbdae3210598f295ee752b2ce6b24c752f39606b9509fd47e9322421be2578d1b3fe6699ac10fe0b9d82dcb2dbc7b03c76118f39b24cb6b43b0c3e2b4cb08ab.mp3	jyngl, töwr, Coedpoeth, Penrhiwllan, briwfwyd, doi, ieuaf, banjo	1	0	fourties	male	united_kingdom
cc399fc9dc774c5a46aabbc995481287ca0650b6ade5856098a5f4f054dc234789ce00f94fa6a09a9195e12e6a7f3ac84e982cfbae3be1aabf24690e5edc8528	7340b1dcc1502aac8d263f47943bf4ec35b6d67898ecdb153a9f9d82d80068b893676d432ee538264b4aebef3279d150f92ba724840d204c3127e13b8218c4e0.mp3	Allech chi archebu tacsi i fi, os gwelwch yn dda?	1	0	fourties	male	united_kingdom
cc399fc9dc774c5a46aabbc995481287ca0650b6ade5856098a5f4f054dc234789ce00f94fa6a09a9195e12e6a7f3ac84e982cfbae3be1aabf24690e5edc8528	95eef0cb8516702afec6f301d11b815aefbdad19aa826e6f9fcd3d9584bc39f4b468726fa945ac202ea6f440626155f1a6dc7bf8418b0abdc0abed6451e3b435.mp3	Efallai na fydd y llinellau ffôn yn gweithio am yn hir eto.	0	0	fourties	male	united_kingdom
cc399fc9dc774c5a46aabbc995481287ca0650b6ade5856098a5f4f054dc234789ce00f94fa6a09a9195e12e6a7f3ac84e982cfbae3be1aabf24690e5edc8528	e74a5a31d4f27d9fd1e0a708d58b17bc1306059a8ff97ee674d6c9045f1239a280fa4590125e1b11fe81716a7fc53e2960caa020dfbb675033f1400fb4159bc4.mp3	Faint o'r geiriau ydy hi wedi gweld yn barod?	1	0	fourties	male	united_kingdom
cc399fc9dc774c5a46aabbc995481287ca0650b6ade5856098a5f4f054dc234789ce00f94fa6a09a9195e12e6a7f3ac84e982cfbae3be1aabf24690e5edc8528	ec246ebb270a27bca4d62acc47c927ab24dd83390353eef11ee7f2178e4253d52d32b6bcff7a74257cdcdf848cf744d07b674a69283a6dec1ed69a4d25a5612c.mp3	Sut mae hyn yn perthyn i ran agoriadol y piano?	1	0	fourties	male	united_kingdom
cc399fc9dc774c5a46aabbc995481287ca0650b6ade5856098a5f4f054dc234789ce00f94fa6a09a9195e12e6a7f3ac84e982cfbae3be1aabf24690e5edc8528	da2a0216e85d9e358d7024b93d83818dd0b2d4a3ff583c7763f558dd41ced9344b16a53336c8696a0aa227e935ac995668f910caec1f656c3e906137a5091294.mp3	Lladdon nhw fe pan oedd e dan amheuaeth yn unig.	1	0	fourties	male	united_kingdom
cc399fc9dc774c5a46aabbc995481287ca0650b6ade5856098a5f4f054dc234789ce00f94fa6a09a9195e12e6a7f3ac84e982cfbae3be1aabf24690e5edc8528	ee7fc5fbc63b13750b0d45a0c7ba91f5e710b826e56e3074cf254d7ac1d64082cc12abd28e7aa73f26382d8c9b9ec113b4eab97bc9030a91fea50cdee90fb223.mp3	Un oedd yn y farchnad nos Sadwrn oedd Gareth.	1	0	fourties	male	united_kingdom
cc399fc9dc774c5a46aabbc995481287ca0650b6ade5856098a5f4f054dc234789ce00f94fa6a09a9195e12e6a7f3ac84e982cfbae3be1aabf24690e5edc8528	45c8cc86bb30cbf606e166dbd6fc498bc86549bafb6e08c93000521630d5ecd478be46a67c4b192212c18665a439ba84b4eda2bf540c235dadff87b90ef2bce6.mp3	"Mae hi'n wyntog."	1	0	fourties	male	united_kingdom
cc399fc9dc774c5a46aabbc995481287ca0650b6ade5856098a5f4f054dc234789ce00f94fa6a09a9195e12e6a7f3ac84e982cfbae3be1aabf24690e5edc8528	ae1c140ef2a794a0497d447fb8d423329fad020c273082124c904ae6afcfc6df419cca7429de9865be7708cc7938099a22315ed6c7ff6b3e87c292097cc95bc8.mp3	Arlywydd yr Unol Daleithiau, Bartholomew Roberts, Cymru	0	0	fourties	male	united_kingdom
cc399fc9dc774c5a46aabbc995481287ca0650b6ade5856098a5f4f054dc234789ce00f94fa6a09a9195e12e6a7f3ac84e982cfbae3be1aabf24690e5edc8528	f6f69c89a260db8d07aa71b7b6c7a1b4350f5b8c76efc9f37063a929df9fdecd538a617939ba8fe5ef065e20a95e4042494f2d0a2d0a67a224771ecec106a72e.mp3	"Ffoniwch fi am saith o'r gloch y bore, os gwelwch yn dda."	1	0	fourties	male	united_kingdom
cc399fc9dc774c5a46aabbc995481287ca0650b6ade5856098a5f4f054dc234789ce00f94fa6a09a9195e12e6a7f3ac84e982cfbae3be1aabf24690e5edc8528	4280fc5c54acf6cff592c422da2c7bcd022b7cbc1e83c27eaf95e145bb4fd3aaf5904f22d2f4db6fdedb9b7db0c08a0541bec421c237762b1c13b18d5a2031ff.mp3	"Pa mor hir mae'n rhaid i anifeiliaid dioddef?"	0	0	fourties	male	united_kingdom
cc399fc9dc774c5a46aabbc995481287ca0650b6ade5856098a5f4f054dc234789ce00f94fa6a09a9195e12e6a7f3ac84e982cfbae3be1aabf24690e5edc8528	c16fff4162f8567f7cfb67e5d427fc13575423d2e7c8f9db69073d137ce802c437a2d0b7df6776f434dbfd11926887042d0c8603404b12adf991da8f638c884b.mp3	Mae ganddi wallt hir cyrliog.	1	0	fourties	male	united_kingdom
cc399fc9dc774c5a46aabbc995481287ca0650b6ade5856098a5f4f054dc234789ce00f94fa6a09a9195e12e6a7f3ac84e982cfbae3be1aabf24690e5edc8528	f4cd733657e37c95c0af4b1c8560719c5b42f401c4e13350e04dcefad2eb036689dfa553dce1333d81d0952e299a5b6307b2b09f46c4a0d0f81475c3a9f9bbdb.mp3	Magdalen, cewri, ffeuen, clwyfau, Puw, sipsiwn, llai, Fronhaul	1	0	fourties	male	united_kingdom
cc399fc9dc774c5a46aabbc995481287ca0650b6ade5856098a5f4f054dc234789ce00f94fa6a09a9195e12e6a7f3ac84e982cfbae3be1aabf24690e5edc8528	0a1838d915d0425d9be8c1103f2563113a280382330cb1d8491bd5ae762afe213cf7b5d923cbda2923d85cbd4d31d32188290aec2794572bcaa85fa0d1061d78.mp3	"Beth ydy'r newyddion?"	1	0	fourties	male	united_kingdom
cc399fc9dc774c5a46aabbc995481287ca0650b6ade5856098a5f4f054dc234789ce00f94fa6a09a9195e12e6a7f3ac84e982cfbae3be1aabf24690e5edc8528	12596773f1e8716923eecb0be9a056f687979d511ac590d383d0e969be5149c6fd0a53dea2fc099e0c5c2a4043b7947e399dab8920b9ec5893637d89027f0c89.mp3	Dyma fy nghariad.	0	0	fourties	male	united_kingdom
cc399fc9dc774c5a46aabbc995481287ca0650b6ade5856098a5f4f054dc234789ce00f94fa6a09a9195e12e6a7f3ac84e982cfbae3be1aabf24690e5edc8528	91c9e85841930b6b7f348da42d406d0cac5790b0a83f38e3bf3e2be4fe973e6a60b04c9e1fbdf2c99182f0e37116cdeee4c5683c8e43ccbc978e5b69287dbed8.mp3	Beth yw cadair yr Eisteddfod Genedlaethol?	1	0	fourties	male	united_kingdom
cc399fc9dc774c5a46aabbc995481287ca0650b6ade5856098a5f4f054dc234789ce00f94fa6a09a9195e12e6a7f3ac84e982cfbae3be1aabf24690e5edc8528	8a5dd4d92d90a77c5e90143d1e2ce985b1964090cb6aa6e93c6470a07ff1f9f0821a5a1087cba750c5f334c6bc30065a3438cc7e89dc1bfd0358637248cfe054.mp3	"Ble mae'r ganolfan croeso?"	0	0	fourties	male	united_kingdom
cc399fc9dc774c5a46aabbc995481287ca0650b6ade5856098a5f4f054dc234789ce00f94fa6a09a9195e12e6a7f3ac84e982cfbae3be1aabf24690e5edc8528	d79fa399c60cd064883f5fdf29a13170502c1fa9164c4542063e7c487d9de75f133ee9039d553e0873f53e7b5b941938b1a860bada5f785c17039eb60cb9e0d2.mp3	Beth yw eich hoff eitem yn yr ardal chwarae rôl a pham?	1	0	fourties	male	united_kingdom
cc399fc9dc774c5a46aabbc995481287ca0650b6ade5856098a5f4f054dc234789ce00f94fa6a09a9195e12e6a7f3ac84e982cfbae3be1aabf24690e5edc8528	eb7d3e6a81bd049e22a72b4e21d836422545a7644f52e01156c8bce1d9a028e86fede0396cd12fb8c1e210f47c004f354ce0aef86327e87ee68e2c16864ead2f.mp3	Wyt ti'n gweld fy mod i'n deall mwy am y sefyllfa nawr?	1	0	fourties	male	united_kingdom
cc399fc9dc774c5a46aabbc995481287ca0650b6ade5856098a5f4f054dc234789ce00f94fa6a09a9195e12e6a7f3ac84e982cfbae3be1aabf24690e5edc8528	731b32db0061441ccf3ba45bc59e9d34f28b48565226041dd665d95183ae7f890d839c1e7f833fd0e197218e17a19db73d106d74f1277845d8ee4290c066d00a.mp3	Faint o sgwariau coch fydd yn y degfed diagram?	1	0	fourties	male	united_kingdom
cc399fc9dc774c5a46aabbc995481287ca0650b6ade5856098a5f4f054dc234789ce00f94fa6a09a9195e12e6a7f3ac84e982cfbae3be1aabf24690e5edc8528	2be35d81f4c79fba9a58585fd511efbf6ac164c58b6f3f34e17b4d1d6462c008594ca0a450a754dbd0d220a454418802607cf736c68e525c0905ee1168a1b333.mp3	Allet ti roi benthyg ugain ceiniog i fi?	0	0	fourties	male	united_kingdom
bc100c7b1855d38de4277f7eb6e25f64f0a9fe7189def9df46613bb69858b1531688ece01a9c3eee112201a3e80d68385b2fd17ffc875ec124a7f5c0fe9aba4a	37351bd4228a448a97493c25b63baff036b1376b3609171a054a6965900eb5390e2829ec6f8bc1a9347e18b15aff434e96f5f4ecb1b47b34bbc7dc9f10f03ef2.mp3	Byddet ti'n meindio mynd â'r ci am dro?	0	0			
bc100c7b1855d38de4277f7eb6e25f64f0a9fe7189def9df46613bb69858b1531688ece01a9c3eee112201a3e80d68385b2fd17ffc875ec124a7f5c0fe9aba4a	aea21662f3c0aad2e6f9c5d86e89fb90c00e5434bf10f4355f3313173fdd758b060010bbbbd6c05424055f540ee4babf664e08676a3a6a35bc1fb20cff1fd860.mp3	Oni byddi gryf, bydd gyfrwys.	0	0			
bc100c7b1855d38de4277f7eb6e25f64f0a9fe7189def9df46613bb69858b1531688ece01a9c3eee112201a3e80d68385b2fd17ffc875ec124a7f5c0fe9aba4a	87ce5ede7b63023387d79fe12d00d8c8e78e004a2eb1a5f56133f1e01bd9765c46c9bdf8c05b31c09d8c6af8c7f8ed5cb6bc83162f64c682d9f776be1bc0de4b.mp3	Doeddwn i ddim yn adnabod neb oedd o'r cwmni neithiwr felly wnes i yfed mwy nag arfer.	0	0			
bc100c7b1855d38de4277f7eb6e25f64f0a9fe7189def9df46613bb69858b1531688ece01a9c3eee112201a3e80d68385b2fd17ffc875ec124a7f5c0fe9aba4a	69274c74bb125075b1ef64480ff7890d3b371829b0fec4dc00ae9b2ecaec049358f36ab2a01ec9e3d3b6a47167fd9b479a6eadff6e2cd3a050943f1bd37ea1a3.mp3	Mae'n siarad am ei bywyd cynnar i mewn i'r meicroffon gafodd hi i Nadolig.	0	0			
bc100c7b1855d38de4277f7eb6e25f64f0a9fe7189def9df46613bb69858b1531688ece01a9c3eee112201a3e80d68385b2fd17ffc875ec124a7f5c0fe9aba4a	c342a5dff34134836b32f2d7cefd2af4e15b8943c9f99886c15c0c1a969706e50a98405b9cc152872afd94298504fcc49c12206634872107e529a4fdd69e0e50.mp3	Rydw i'n siŵr mai ei thŷ hi ydy hwn ar y chwith.	1	0			
bc100c7b1855d38de4277f7eb6e25f64f0a9fe7189def9df46613bb69858b1531688ece01a9c3eee112201a3e80d68385b2fd17ffc875ec124a7f5c0fe9aba4a	b5c0843267b306d73075a72377acac710a2abcc4656ee9bf918d1dd865488c4c3a5c9684a389a94f8ae31f5a7a92021d611508182d8e1ca56359893521b999e5.mp3	Oes unrhyw rhai am fynd i mewn yn gyntaf neu ydy hi'n well aros tan y diwedd?	0	0			
bc100c7b1855d38de4277f7eb6e25f64f0a9fe7189def9df46613bb69858b1531688ece01a9c3eee112201a3e80d68385b2fd17ffc875ec124a7f5c0fe9aba4a	e62f4dc92d183b82b71e72c22a5a756aa31da5800c7edf096732f8a7a95d3617c6ed127b5b6ac7761d5332154f13d48313c9669d06e156c9a9f47a9cd83d3316.mp3	Mae hi gyda'r meddyg newydd yna heddiw felly falle bydd hi'n hwyr.	1	0			
bc100c7b1855d38de4277f7eb6e25f64f0a9fe7189def9df46613bb69858b1531688ece01a9c3eee112201a3e80d68385b2fd17ffc875ec124a7f5c0fe9aba4a	cbb86bdd1f58ea2c08f4e17d99909cc06b847f1d85377ff17a94b61ddf672a4b14c5e863bff8eb6642bc09ac3a8c7c51417f88b8e042d20514eff604847c30d3.mp3	Mae modd gyrru trwy'r lôn hon yn saff yn ôl yr arwydd yna.	1	0			
bc100c7b1855d38de4277f7eb6e25f64f0a9fe7189def9df46613bb69858b1531688ece01a9c3eee112201a3e80d68385b2fd17ffc875ec124a7f5c0fe9aba4a	4d67e68ba0bbe8bc67fc1c5965d72b091d0f5713efb69f135d22402a476bcb41d84a6994ec18c8aad949298a82861dd6f10cd730992e11b112f27ae748c03d99.mp3	Mae angen sicrhau fod popeth yn iawn cyn dechrau'r cyfarfod.	0	0			
bc100c7b1855d38de4277f7eb6e25f64f0a9fe7189def9df46613bb69858b1531688ece01a9c3eee112201a3e80d68385b2fd17ffc875ec124a7f5c0fe9aba4a	cb9ef497457fc0399cf045aa6b70c14ded2f1d2f2b4b6eda7b3e16a22cff84dbcdb510ec218735024a41a232af43b12b306ab2a9eed265252b7d2ba74f1f6aa0.mp3	Rydw i'n gorfod gyrru yn aml wythnos nesaf ond dydw i ddim yn gwybod pryd yn union?	1	0			
bc100c7b1855d38de4277f7eb6e25f64f0a9fe7189def9df46613bb69858b1531688ece01a9c3eee112201a3e80d68385b2fd17ffc875ec124a7f5c0fe9aba4a	72f81bd86f0309a41b9c209e62beb5f5506eea3333165018d7aa1c9d35be8d9d8866bce7a547224678ff37c977d2c5df2216466e3ec90b5c2f8f201abb41d09b.mp3	Rydw i eisiau mynd yn ôl i'r tŷ nawr.	1	0			
bc100c7b1855d38de4277f7eb6e25f64f0a9fe7189def9df46613bb69858b1531688ece01a9c3eee112201a3e80d68385b2fd17ffc875ec124a7f5c0fe9aba4a	6e2e70d9a794ef540b1a1807f783b2fd6edb8d853cf95c51069ac3de2e93cfd4a82e46cb2cc7cd4b0d9caf5dbffd5479b8861c8d80a601058f601608a9d1fddf.mp3	Dydw i heb ddechrau cau am y diwrnod eto.	1	0			
bc100c7b1855d38de4277f7eb6e25f64f0a9fe7189def9df46613bb69858b1531688ece01a9c3eee112201a3e80d68385b2fd17ffc875ec124a7f5c0fe9aba4a	6daa3c103b4b0b5101f940fce2c0eab85c8a7d29dc912ca34e112ff369c4f6ec651e03bea03e775291ccd801a3ca3f6ee2cb0690485906447c5c79659251a011.mp3	Mae hi'n debyg i ti ond pwy a ŵyr pam.	1	0			
bc100c7b1855d38de4277f7eb6e25f64f0a9fe7189def9df46613bb69858b1531688ece01a9c3eee112201a3e80d68385b2fd17ffc875ec124a7f5c0fe9aba4a	194514905bee1c5b29fbf959e0d2c5f1713e9f1ee4abf8cc1d7084f0662179a817df05bad4728d40a6e0bd97944236c281a15dd250bb2c323f0caed4e68a8112.mp3	Cafodd y ffordd ei chau yn dilyn y digwyddiad.	0	0			
bc100c7b1855d38de4277f7eb6e25f64f0a9fe7189def9df46613bb69858b1531688ece01a9c3eee112201a3e80d68385b2fd17ffc875ec124a7f5c0fe9aba4a	554756b54780adec0db0cf759733f13f97b269089e5279302c85b0459343dc54d375ce878d9550e6972c37399ad42596ed7f032835e4f88646059f34a06cf706.mp3	Doeddwn i ddim yn gwybod beth oedd yn wahanol ers y tro diwethaf.	1	0			
bc100c7b1855d38de4277f7eb6e25f64f0a9fe7189def9df46613bb69858b1531688ece01a9c3eee112201a3e80d68385b2fd17ffc875ec124a7f5c0fe9aba4a	c90022ab8690f977a375967f8244117a50129c129ecac01096de2903a232b6a7253ca1bf1ff6d9a12c737a2c2ce2e168b0317edc1967d53659a00ac3133210b6.mp3	Dydy'r ffilm ddim tu ôl i hwn nac ydy?	0	0			
bc100c7b1855d38de4277f7eb6e25f64f0a9fe7189def9df46613bb69858b1531688ece01a9c3eee112201a3e80d68385b2fd17ffc875ec124a7f5c0fe9aba4a	0c4161c80c0f90bb80fd06cdf4ea3786b33239a3ea4dbf261ef141975856957531aedd0a74ef2629bccf6bbdf9e24dc8c8daf8f03a6e5fe402bca0014c75c762.mp3	Dw i ddim yn deall.	1	0			
bc100c7b1855d38de4277f7eb6e25f64f0a9fe7189def9df46613bb69858b1531688ece01a9c3eee112201a3e80d68385b2fd17ffc875ec124a7f5c0fe9aba4a	907a999ad92ac2ba8a0c77a117adebb90f2ea5fe533c6e836cd8c0dec979a75da1f2078d901e67c369d0b4bc1826776c5493956c53ba7d5dc45e601ccd9145a9.mp3	Aeth hi draw i'r siop ac mae hi'n gorfod prynu popeth nawr.	1	0			
bc100c7b1855d38de4277f7eb6e25f64f0a9fe7189def9df46613bb69858b1531688ece01a9c3eee112201a3e80d68385b2fd17ffc875ec124a7f5c0fe9aba4a	503d294a151526d7f517efe44aea7a4dfe04d0c5d532be2572209d3f2f10367ed80a6e2d5113fe9027af6119b1c17cbcbbab22099905d1d0bad5ac2c6dda5bef.mp3	Nid hwnna – y llall.	1	0			
bc100c7b1855d38de4277f7eb6e25f64f0a9fe7189def9df46613bb69858b1531688ece01a9c3eee112201a3e80d68385b2fd17ffc875ec124a7f5c0fe9aba4a	c879f6ed79028702bd8bfb6f5ae7dfe0f299e07bbb9f1a79b65ff4b9741f43bba0f43ebc1491577ff4eded5524c346f2044da28d1a0378968c4180759e9c3905.mp3	Mae'r ddau yn chwarae yng nghae chwarae'r ysgol ger yr afon.	1	0			
bc100c7b1855d38de4277f7eb6e25f64f0a9fe7189def9df46613bb69858b1531688ece01a9c3eee112201a3e80d68385b2fd17ffc875ec124a7f5c0fe9aba4a	4144ab18ba4954e9412003312d1b4ed3487c1205fc56a6c1d59271613a9e1625e4f1a45bcef42da1cd6dde129e75836feb0a5b5599144454b947b4fe09649955.mp3	Dydy hi ddim yn edrych am neb gwahanol i ni'n dau.	1	0			
bc100c7b1855d38de4277f7eb6e25f64f0a9fe7189def9df46613bb69858b1531688ece01a9c3eee112201a3e80d68385b2fd17ffc875ec124a7f5c0fe9aba4a	8fe2e8db22c1203b0b6044d5e42745f32e8b0b91f1b98abb04a8e5c9db73dcbfc9da534024d7f8f9257f66573d2de0ac0d854146572b771888b0a9c2d824611b.mp3	Mae gyda hi newyddion mawr iddo fe ac i'r holl deulu.	1	0			
bc100c7b1855d38de4277f7eb6e25f64f0a9fe7189def9df46613bb69858b1531688ece01a9c3eee112201a3e80d68385b2fd17ffc875ec124a7f5c0fe9aba4a	e49cb3caa56242817640e9d5ca7b66640a71a2e1a7f070424a0a17c6dd228d84fc40f043423018ceddec471c6ec9135dac50e69af6ec574aaac4953273b212ab.mp3	Mae'r coleg yn cau am yr Haf wedi dydd Llun felly gallwn ni ddim mynd a'r llyfrau yn ôl.	1	0			
bc100c7b1855d38de4277f7eb6e25f64f0a9fe7189def9df46613bb69858b1531688ece01a9c3eee112201a3e80d68385b2fd17ffc875ec124a7f5c0fe9aba4a	5f7090b6906f1b27274db3d05a5cfc840660a00f2d53a83ca45f09340886f9a6eaa8fa9b55d45773ac1d30a82853598f5175ccdf46997546dd94309461b1844e.mp3	Mae'n teimlo fel bydd hi'n bwrw glaw yn y cymoedd o'r diwedd.	1	0			
bc100c7b1855d38de4277f7eb6e25f64f0a9fe7189def9df46613bb69858b1531688ece01a9c3eee112201a3e80d68385b2fd17ffc875ec124a7f5c0fe9aba4a	69ad06627993d0902a2a394fc8f21fd92a63a07262daca244c97d02fea7eb9438e1edf1e73b17f426c9c203e99eecf8a2c908ff7f1f4781c794bbed80a150a0b.mp3	Wnaethon ni ei gweld hi ac mae hi wir yn sâl gydag annwyd cas.	1	0			
bc100c7b1855d38de4277f7eb6e25f64f0a9fe7189def9df46613bb69858b1531688ece01a9c3eee112201a3e80d68385b2fd17ffc875ec124a7f5c0fe9aba4a	56ae9e7e79c25fc092b0d95832b89c2497a201d2c90a297193593a95c5c5b7a94cf665377f04d53c72e702b59d5dbeec062678f46e58817812edce0abdea671b.mp3	Gall bopeth newid i dy fam yn y tŷ nawr a bydd hi'n hapus.	1	0			
bc100c7b1855d38de4277f7eb6e25f64f0a9fe7189def9df46613bb69858b1531688ece01a9c3eee112201a3e80d68385b2fd17ffc875ec124a7f5c0fe9aba4a	109d7785f10ab5c66e4b8df1786fcb156cfafdf3facbc81f14e37f52b443b628f53aa93f61342a7e2bb4c3c6f8c31248dfc4ce75fde8b1f80e8c8b29280ce714.mp3	Ni'n symud mewn gyda nhw wythnos nesaf felly dyma'r cyfeiriad ar gyfer y llyfrau.	1	0			
bc100c7b1855d38de4277f7eb6e25f64f0a9fe7189def9df46613bb69858b1531688ece01a9c3eee112201a3e80d68385b2fd17ffc875ec124a7f5c0fe9aba4a	d8402143dfc1525dec810eb8f42ab295c437371bd225189e2f0c20d1ba48fa1ab735f97594a4ada04555c7332a997caa77da53aa43419a5374ead07d96aa2ff7.mp3	Mae'n bosib bydd y ceir yn dechrau symud ar eu pen eu hunain yn y dyfodol.	1	0			
cc399fc9dc774c5a46aabbc995481287ca0650b6ade5856098a5f4f054dc234789ce00f94fa6a09a9195e12e6a7f3ac84e982cfbae3be1aabf24690e5edc8528	3b6da0ca1f1333e2432953690a90f631a3810f573c582f262f87d4d57ea030f2624330f3619e7c6ca3623cc3ae8c099c3cbda07fc416c65a78ef7167b6f5a080.mp3	"Fydd hi'n bwrw glaw fory?"	0	0	fourties	male	united_kingdom
cc399fc9dc774c5a46aabbc995481287ca0650b6ade5856098a5f4f054dc234789ce00f94fa6a09a9195e12e6a7f3ac84e982cfbae3be1aabf24690e5edc8528	75a75752af60d6b0411daf4b3ef0e64bb3ae32e26d9ae382cdacfa9abd87a99eb6fd15c88767afdce57bfb9df883e3ed80adb634d61e393c31b62fc2fde5463d.mp3	Beth ydy dy rif ffôn poced?	1	0	fourties	male	united_kingdom
cc399fc9dc774c5a46aabbc995481287ca0650b6ade5856098a5f4f054dc234789ce00f94fa6a09a9195e12e6a7f3ac84e982cfbae3be1aabf24690e5edc8528	30fa4e8af3180862e3ab11bfa6694a3722e20c09d0113a7e01272f75a6ebfe79f1d8413839a3b5e9d9c20d7446508f7ea9a99a52a4accc1e72770d609184f245.mp3	"Mae hi'n ymddangos yn ifanc."	1	0	fourties	male	united_kingdom
cc399fc9dc774c5a46aabbc995481287ca0650b6ade5856098a5f4f054dc234789ce00f94fa6a09a9195e12e6a7f3ac84e982cfbae3be1aabf24690e5edc8528	9602cd7a5f151a2828cfb2e6103d78bbca42cd853cb16906007a184b21cad78c1a271685d869114d1640acb386fbb336474009eb43c0aaeae44aee05fefa63df.mp3	"Beth oedd y darn mwyaf pleserus o'r gwaith a paham?"	1	0	fourties	male	united_kingdom
cc399fc9dc774c5a46aabbc995481287ca0650b6ade5856098a5f4f054dc234789ce00f94fa6a09a9195e12e6a7f3ac84e982cfbae3be1aabf24690e5edc8528	9cc1c0b972f033b4f5fc8f5562ef1bc5c0bebc71b6be9328f2f98e71ffe740ed678e2cbf9400b5b943b37e4b548a6b946fc1f0e4d31a40b05023fee498418f94.mp3	Caerdroea, fyw, nghwm, Cwmcerwyn, rhwng, cawg, gwawr, pwyth	1	0	fourties	male	united_kingdom
cc399fc9dc774c5a46aabbc995481287ca0650b6ade5856098a5f4f054dc234789ce00f94fa6a09a9195e12e6a7f3ac84e982cfbae3be1aabf24690e5edc8528	75c712cbfd7464fdc5c189795690bbac1e59ef4bdbc03b85edb6b7f969ba9ac8a5fafbbd3b76049a5e527257e35c3260603fcf9fadc97e1d6c9ddac18bc5ae98.mp3	Oedd e'n dweud celwyddau felly rydw i'n gweithio o adre heddiw i gadw golwg.	0	0	fourties	male	united_kingdom
cc399fc9dc774c5a46aabbc995481287ca0650b6ade5856098a5f4f054dc234789ce00f94fa6a09a9195e12e6a7f3ac84e982cfbae3be1aabf24690e5edc8528	d74af74218fb419fc3db17c22e7263c438a706dd9aa332cd045852220cb69e4b4fa19210be44eecb1900b703fc4766b2d3aa9d57b508c0d3938d25394587ffff.mp3	Ewch yn syth yn eich blaen.	1	0	fourties	male	united_kingdom
cc399fc9dc774c5a46aabbc995481287ca0650b6ade5856098a5f4f054dc234789ce00f94fa6a09a9195e12e6a7f3ac84e982cfbae3be1aabf24690e5edc8528	62b9583caff202ea54423688db229eb0b3ab256168310fd8887b367b20f27485bff969619327ba6b4bfecd9fee705373fe8c6e3e52623aabc00426fd11e84513.mp3	Mae syched arna i.	1	0	fourties	male	united_kingdom
cc399fc9dc774c5a46aabbc995481287ca0650b6ade5856098a5f4f054dc234789ce00f94fa6a09a9195e12e6a7f3ac84e982cfbae3be1aabf24690e5edc8528	b99daf6666788403471cf07605402089878fdb2cfccd3f53a9aba6d01b6f69e55fcf9a6cac2a93a8f9abb78114c113f31e4c1418982ff6394120fde2c9915174.mp3	Faint ydy stamp i Iwerddon?	1	0	fourties	male	united_kingdom
cc399fc9dc774c5a46aabbc995481287ca0650b6ade5856098a5f4f054dc234789ce00f94fa6a09a9195e12e6a7f3ac84e982cfbae3be1aabf24690e5edc8528	50d67670d2638d89f2ad87d5a22d8566f1bf0baf2ca55b9485c68e40ff7ecb3360a01b3edfc722520f4c7e43b64f72609c25343db028bc58c55494933c6c1c20.mp3	"Mae sawl geiriadur termau hefyd i'w cael ar-lein."	1	0	fourties	male	united_kingdom
cc399fc9dc774c5a46aabbc995481287ca0650b6ade5856098a5f4f054dc234789ce00f94fa6a09a9195e12e6a7f3ac84e982cfbae3be1aabf24690e5edc8528	fc267fe31b73f2cc29589efc53db7ca2b24da43e564d5760ec6fcb445bb297da70cc3ea485b426184bccede32344784e67bc05bf1d2c745318192d9542f60e91.mp3	"Sori - wnes i ddim eich clywed chi'n iawn."	0	0	fourties	male	united_kingdom
cc399fc9dc774c5a46aabbc995481287ca0650b6ade5856098a5f4f054dc234789ce00f94fa6a09a9195e12e6a7f3ac84e982cfbae3be1aabf24690e5edc8528	6bba0774965c0f51f24f45244f627a6ebb54d44b67dc6110e7072b3fc95e1a8f50ce4c488d973e9dc5c33aef0af29a67850c6c15f4cc6384b01487c8d58febdb.mp3	Beth yw bioamrywiaeth a sut mae modd ei fesur?	1	0	fourties	male	united_kingdom
cc399fc9dc774c5a46aabbc995481287ca0650b6ade5856098a5f4f054dc234789ce00f94fa6a09a9195e12e6a7f3ac84e982cfbae3be1aabf24690e5edc8528	39608249e86baa079230fa244c67401e99ce816f787d4c721bffe4232b94335633f524af72ef1cc24c73a36431fa7a1ee0c04b1443a67395de8f63f52a19ff94.mp3	"Mae hi'n oer."	1	0	fourties	male	united_kingdom
cc399fc9dc774c5a46aabbc995481287ca0650b6ade5856098a5f4f054dc234789ce00f94fa6a09a9195e12e6a7f3ac84e982cfbae3be1aabf24690e5edc8528	596833e83f2185e5f16cb21dd0dd78722d649fc1cc9cf52606c8cf883ace981caa26a5872f05f99c2751c5ad81e078e6ab2caaf968299219ac957e691905e240.mp3	Mae angen mwy o ddŵr arnoch chi ar gyfer eich taith.	1	0	fourties	male	united_kingdom
cc399fc9dc774c5a46aabbc995481287ca0650b6ade5856098a5f4f054dc234789ce00f94fa6a09a9195e12e6a7f3ac84e982cfbae3be1aabf24690e5edc8528	2544fc9147adde174a80ad92c81b31143ae0e965dff130aa5f0a6b1eaf8f324e1b2b7c43cbe28ccde6aa7420abcf48ea0f792ef31f0e853b20cbe8e83746cbec.mp3	Ai bwrdd i bedwar neu i dri sydd angen?	1	0	fourties	male	united_kingdom
cc399fc9dc774c5a46aabbc995481287ca0650b6ade5856098a5f4f054dc234789ce00f94fa6a09a9195e12e6a7f3ac84e982cfbae3be1aabf24690e5edc8528	a4003eecee88bab8beabc4662860fce78da1473ba1fb3686e045ef71d313fb89c520f25f6cefb454b769ce556cde5bc5eab8a6cf8fe91bb79b54f20bbccc1cd3.mp3	Beth ydy Islam?	0	0	fourties	male	united_kingdom
cc399fc9dc774c5a46aabbc995481287ca0650b6ade5856098a5f4f054dc234789ce00f94fa6a09a9195e12e6a7f3ac84e982cfbae3be1aabf24690e5edc8528	fd3af73bbe8b1b4ce1361e02590723fb0c85a63f4bf0c7609c27464cf9ef48c6ed89cb21c9c48dec408b18eda1323e46d092e1c0a4920dc5e2fb9a51d67a0614.mp3	Faint mae ystafell sengl yn ei gostio?	1	0	fourties	male	united_kingdom
cc399fc9dc774c5a46aabbc995481287ca0650b6ade5856098a5f4f054dc234789ce00f94fa6a09a9195e12e6a7f3ac84e982cfbae3be1aabf24690e5edc8528	337e8e7e7e67f6ece291174e2d1f822ea596a48996f5ef22c978599f0287a9f55802183e858d1064079a854cddf3a9226dd325b486999f7c553a448d875e3958.mp3	Dau un i Gaerdydd.	0	0	fourties	male	united_kingdom
cc399fc9dc774c5a46aabbc995481287ca0650b6ade5856098a5f4f054dc234789ce00f94fa6a09a9195e12e6a7f3ac84e982cfbae3be1aabf24690e5edc8528	f8e00a1a93b875a0787b0294322ff0d5894a6fa4224e3e1c4d92f26d9332c810e523a3a78cc1a83f7361c2b937b221ae0ecd8f611bd348728d8323169f73a865.mp3	"Tai haf yn berchen i Saeson oedd y rhan fwyaf o'r tai a dargedwyd."	0	0	fourties	male	united_kingdom
cc399fc9dc774c5a46aabbc995481287ca0650b6ade5856098a5f4f054dc234789ce00f94fa6a09a9195e12e6a7f3ac84e982cfbae3be1aabf24690e5edc8528	8230b792ae1d71071b7b86b8b4583fa826890e9adabaea5448e6f408c9616a832a229fd774bb03d94de354e78bf37faa652cc0e97d80699248b11f7745ec7832.mp3	Mae Caerdydd yn ennill.	0	0	fourties	male	united_kingdom
cc399fc9dc774c5a46aabbc995481287ca0650b6ade5856098a5f4f054dc234789ce00f94fa6a09a9195e12e6a7f3ac84e982cfbae3be1aabf24690e5edc8528	b594120be6a91b1ec00a8e0e90393944278e09e1f21128308ab5bcb55b2c7b301c320d6fb62bb7c2fcb4e7e34b33a61ef7c515834e4733239df632e8b25763b5.mp3	hufen, cellbilen, ŵydd, dwy fowler het, phwysau, Nantperis, Bodffordd, cywydd	0	0	fourties	male	united_kingdom
cc399fc9dc774c5a46aabbc995481287ca0650b6ade5856098a5f4f054dc234789ce00f94fa6a09a9195e12e6a7f3ac84e982cfbae3be1aabf24690e5edc8528	8bf3496a33d0f958328ded102be573582c8708f5a03c64b16045d63f8844a72bfcf245df80a5212ec86879b22266cd7fc948e7f9e37996143045331e7f857786.mp3	Allwn ni ddim eu trin fel unrhyw blaid arall.	0	0	fourties	male	united_kingdom
cc399fc9dc774c5a46aabbc995481287ca0650b6ade5856098a5f4f054dc234789ce00f94fa6a09a9195e12e6a7f3ac84e982cfbae3be1aabf24690e5edc8528	9d03f9f58ad12c01c26261b9eb191ee6fdb79ff3f413611629c61d8b54ccac3e6da917b4ec4bf258a4dcd257ba1a1f5e54d3fac4697a3ddae960f549619ef6a2.mp3	Aeth hi'n syth i aros gyda fe yn ei gartref.	1	0	fourties	male	united_kingdom
cc399fc9dc774c5a46aabbc995481287ca0650b6ade5856098a5f4f054dc234789ce00f94fa6a09a9195e12e6a7f3ac84e982cfbae3be1aabf24690e5edc8528	ac368733320ada219e784b4067af963138fcf4867c18c4704166607b3b454802d7e9e6988e9a203a14f4314f80ebefe427129b68392f14ae2d70b2e78aabfefb.mp3	"Mae hi'n heulog."	0	0	fourties	male	united_kingdom
cc399fc9dc774c5a46aabbc995481287ca0650b6ade5856098a5f4f054dc234789ce00f94fa6a09a9195e12e6a7f3ac84e982cfbae3be1aabf24690e5edc8528	b5777adbf2569eb54110e87005c4722c9e4706a3771146f5d814699d753f452db6937522cecffb576f1c41854bb48eb9dbbd6f1e786eecdd19a486d78c9d56aa.mp3	"Dw i'n dri deg mlwydd oed."	1	0	fourties	male	united_kingdom
cc399fc9dc774c5a46aabbc995481287ca0650b6ade5856098a5f4f054dc234789ce00f94fa6a09a9195e12e6a7f3ac84e982cfbae3be1aabf24690e5edc8528	a1498269641cb32602804b9509ce5f8c901937ac6543c0fbdd26edc4ed556f3e01db7492351c00ca15a350e1d7500e7a7c86dab8ae1b15af3dbb5c685337cb94.mp3	Dw i ar goll.	0	0	fourties	male	united_kingdom
cc399fc9dc774c5a46aabbc995481287ca0650b6ade5856098a5f4f054dc234789ce00f94fa6a09a9195e12e6a7f3ac84e982cfbae3be1aabf24690e5edc8528	2047973938fe79fd40500eb7096d60ff1f895f3c377ba47aeb0fa6c48aab5dadd70423265d77ec9bdac245e232e7262cb99774511a793a89a1dea874aa35ffdf.mp3	"Esgusodwch fi, ble mae'r allanfa?"	1	0	fourties	male	united_kingdom
cc399fc9dc774c5a46aabbc995481287ca0650b6ade5856098a5f4f054dc234789ce00f94fa6a09a9195e12e6a7f3ac84e982cfbae3be1aabf24690e5edc8528	a0a5210cba0f22774ced037780baf4d210cd481d7edaef80cd2bb32fb49275cf56b5249e1ca679fdefedd529874717377495d76fd294b8c62df2cdc5304eef5c.mp3	Allech chi ganu?	1	0	fourties	male	united_kingdom
cc399fc9dc774c5a46aabbc995481287ca0650b6ade5856098a5f4f054dc234789ce00f94fa6a09a9195e12e6a7f3ac84e982cfbae3be1aabf24690e5edc8528	310aa1bcd15f049e7e1c3953c4d4175db8034661702398a642d81b08ccbd22245693745cbf845ccea28fb0270103404c85d91678c8d9304606c9b5a223d9f389.mp3	Pwy ddaeth yn ail?	1	0	fourties	male	united_kingdom
cc399fc9dc774c5a46aabbc995481287ca0650b6ade5856098a5f4f054dc234789ce00f94fa6a09a9195e12e6a7f3ac84e982cfbae3be1aabf24690e5edc8528	87afb3bd36a7ed47ae73c919a0b2f2497006815e597afa7f1f55870173466de0c51606170784691cbb5460c57a92ef66fb36e30884ddd000384da52b8e827c05.mp3	Mae wyth o bobol eisoes yn y ddalfa ar amheuaeth o geisio llofruddio.	0	0	fourties	male	united_kingdom
cc399fc9dc774c5a46aabbc995481287ca0650b6ade5856098a5f4f054dc234789ce00f94fa6a09a9195e12e6a7f3ac84e982cfbae3be1aabf24690e5edc8528	e1648c529f8ac22fc6492c1d3dc881ce1fd3cd5e308856c39055fbcb29356c45e013f17e0d490e752d84b48dac5b591cfaceaf4a8c4881de57d7cb1b57fb784e.mp3	Bydd sesiwn gerddoriaeth yn y dafarn am naw.	1	0	fourties	male	united_kingdom
cc399fc9dc774c5a46aabbc995481287ca0650b6ade5856098a5f4f054dc234789ce00f94fa6a09a9195e12e6a7f3ac84e982cfbae3be1aabf24690e5edc8528	da64fa08659e3bd2559f091e4770777491f054f54db88d21a44c1cef246bdd66c347241e86b48bdd9411089a051af3128dc4ca534a8d3c68ba118cc4a81f1cf2.mp3	"Be 'di Hindŵaeth?"	1	0	fourties	male	united_kingdom
cc399fc9dc774c5a46aabbc995481287ca0650b6ade5856098a5f4f054dc234789ce00f94fa6a09a9195e12e6a7f3ac84e982cfbae3be1aabf24690e5edc8528	09056f642a0ae2f5bfdaa7f23320d31359e4a994b4358f231ecfc6c078bac150986dc8231ac9602a9b1e7543cf1a5f0304b8e97bad7fa1921ca701336a34acf8.mp3	Bydd y tymheredd yn codi i ddeg gradd Celsius.	0	0	fourties	male	united_kingdom
cc399fc9dc774c5a46aabbc995481287ca0650b6ade5856098a5f4f054dc234789ce00f94fa6a09a9195e12e6a7f3ac84e982cfbae3be1aabf24690e5edc8528	52be626c71a6fd64c4c8cbf8df2c283149a6146c27d3df2f3050df28d6d461c47d5e4e1fd556978120393cc10e19929be78db5713f3c5c35a39ccd16f839a8cf.mp3	twymyn, Deio, stepdir, eingion, dug, goets, Aberdaugleddau, lletchwith	1	0	fourties	male	united_kingdom
cc399fc9dc774c5a46aabbc995481287ca0650b6ade5856098a5f4f054dc234789ce00f94fa6a09a9195e12e6a7f3ac84e982cfbae3be1aabf24690e5edc8528	efb648c83fcbf184e1a7580e59cb99cdf4dd93dd453e5b31d23a1fdbe5a09876c9df8b91a9784c38eafea7acde06f493e60e2fb65a30f02dcab85f42fbc742a5.mp3	Bydd y trên ugain munud yn hwyr.	1	0	fourties	male	united_kingdom
cc399fc9dc774c5a46aabbc995481287ca0650b6ade5856098a5f4f054dc234789ce00f94fa6a09a9195e12e6a7f3ac84e982cfbae3be1aabf24690e5edc8528	82204144d0eaaa6a3337f5b57ea39fa348890793937977dee8bda8847e9e30860000a280726bae9c9e3fe67bab1b5a6f4e3b40d339871405cfcbd80ca9d68cb3.mp3	Fi'n poeni am beth i wneud yna ac am beth i bacio am y mis nesaf.	1	0	fourties	male	united_kingdom
cc399fc9dc774c5a46aabbc995481287ca0650b6ade5856098a5f4f054dc234789ce00f94fa6a09a9195e12e6a7f3ac84e982cfbae3be1aabf24690e5edc8528	ec3eff529abfa718fbb46fd7e9a650a5d4a432ca9f282df054dc8a0bbe11ecb89557ae861d23b74473a79db15fb9f5e196181f5f9f4491d5f35fc7b716c83be8.mp3	"Beth yw'r ffigwr mwyaf mae'n posib benthyg tuag at y gost hon?"	0	0	fourties	male	united_kingdom
cc399fc9dc774c5a46aabbc995481287ca0650b6ade5856098a5f4f054dc234789ce00f94fa6a09a9195e12e6a7f3ac84e982cfbae3be1aabf24690e5edc8528	6ef9fa19aeb0d90b453216d1e96b03db81e95a2abdc14d9ebcf0c66bc4e16fe8408fb91ae55557bd6a6e29a10cc2904a90d52aa3960f0d03cddb881aaf6e8359.mp3	"Beth yw'r tywydd heddiw?"	1	0	fourties	male	united_kingdom
cc399fc9dc774c5a46aabbc995481287ca0650b6ade5856098a5f4f054dc234789ce00f94fa6a09a9195e12e6a7f3ac84e982cfbae3be1aabf24690e5edc8528	b954fa44001b984af0da7fc4a4dcf755057c813080fa9cbe5ad0a79cb99e491ffccb96194b963f06a13ccab7bfc3d50a311af4273e34f1784e53126d4bb1eedf.mp3	Huw Chiswell, Iesu, Ieuan Roberts	1	0	fourties	male	united_kingdom
acbb9e7ad15e2014d25101ad82e0b1d61d4cfd0fbe90c5df06316a1b2fb28efe9bab8ac690ebbb0786fd6665bba2aa70b7d80ba1c7f752d893e014f335c4c754	8b5ad34c650873ae6d7c360ec275d6a990440181a5618bf96d0439ef1d84b84524a52836aac3663586b4d87d5ea436357cacd8adef9add0030b70306e72bef9c.mp3	Dw i wedi dyweddïo.	1	0			
acbb9e7ad15e2014d25101ad82e0b1d61d4cfd0fbe90c5df06316a1b2fb28efe9bab8ac690ebbb0786fd6665bba2aa70b7d80ba1c7f752d893e014f335c4c754	426d8c670972074a28e2d88402f165cdbc9dfa88d96c2a04d48a98435d5a0d4675cc5dbd9cfc25f2a42d511ab96ecda1bdc0705c4a404b7b6d31cb7b23674d13.mp3	"Dw i'n llawn iawn."	0	0			
acbb9e7ad15e2014d25101ad82e0b1d61d4cfd0fbe90c5df06316a1b2fb28efe9bab8ac690ebbb0786fd6665bba2aa70b7d80ba1c7f752d893e014f335c4c754	5dd0a7d348355beed3469a97cb77be2b36d4133dce280e19c5b6a57c2d7038038fb68f7fe167e8a0f26d3ae9a0c0d898b53b62ca3068ecd0cebed82465f29c9e.mp3	Dw i eisiau cael ad-daliad.	0	0			
acbb9e7ad15e2014d25101ad82e0b1d61d4cfd0fbe90c5df06316a1b2fb28efe9bab8ac690ebbb0786fd6665bba2aa70b7d80ba1c7f752d893e014f335c4c754	9d1d84a73ed384627d2cc9bdc89223fd0d0a066115e9b218f87170260d520182728348736b54928d628abb8de851985083f23446f5fc94d6a89850a0037549f9.mp3	"Dw i'n llysieuwr."	1	0			
acbb9e7ad15e2014d25101ad82e0b1d61d4cfd0fbe90c5df06316a1b2fb28efe9bab8ac690ebbb0786fd6665bba2aa70b7d80ba1c7f752d893e014f335c4c754	a3999376ede6320b3ad2a46a7a909e02bbb5b6d9d953970081f6d850b5e771290222c80ad65dbae86584b739a177e41a36dbed9c0ecf9a6d295704630ae5d3f1.mp3	"Faint o'r gloch mae'r bws olaf yn gadael?"	0	0			
91dd54e421858c70c03932a863f18ce794ebc1584c41eb55e0fb4ca13c6ef96b72333a474ab1f3327a72a6a4ba34eee5eeb3b8f43c5181fe7eb254c3ebcfc0c5	a369b81594d3ce82ff295d71ea7b3678379145b48f6c1bc2bbd67f7bd40b0196fecc1db980899c4ec182ab53981525bbcb3fe83385cc8f016e6e30b128548dd1.mp3	"Beth yw'r trosglwyddiad egni sydd yn digwydd?"	1	0	sixties	male	other
91dd54e421858c70c03932a863f18ce794ebc1584c41eb55e0fb4ca13c6ef96b72333a474ab1f3327a72a6a4ba34eee5eeb3b8f43c5181fe7eb254c3ebcfc0c5	1b8dfa279d5a77faf4b243d5a278791a7a3b579b35406a357548ca8e0488fa57266e858be547fc0c9fe2f1ebd7efb2dd31d1d59117cb777078429b5639da3fca.mp3	Pryd mae dy ben-blwydd?	1	0	sixties	male	other
91dd54e421858c70c03932a863f18ce794ebc1584c41eb55e0fb4ca13c6ef96b72333a474ab1f3327a72a6a4ba34eee5eeb3b8f43c5181fe7eb254c3ebcfc0c5	351bb6234e4e32aed5ae1956fee37baf95d43b2cd115189acffe73bdbd0e6ee033add4d2b8a00dfc9284211c01cc4e65bd8ec443d2be35542dcd9201ad1c9d34.mp3	Morgan a Sara yn chwarae cuddio.	1	0	sixties	male	other
91dd54e421858c70c03932a863f18ce794ebc1584c41eb55e0fb4ca13c6ef96b72333a474ab1f3327a72a6a4ba34eee5eeb3b8f43c5181fe7eb254c3ebcfc0c5	c4dc72974dcb7b84776cf0779fb3132e973821803affeeed95992241bf0fe82278c58c45064a40f5482a0d308f9c2f33dd01f1f08e53adb6a24706b7613cc9fd.mp3	Mae siawns dda nad ydw i'n gweithio felly gallwn ni stopio ar y ffordd nôl dydd Sadwrn.	1	0	sixties	male	other
91dd54e421858c70c03932a863f18ce794ebc1584c41eb55e0fb4ca13c6ef96b72333a474ab1f3327a72a6a4ba34eee5eeb3b8f43c5181fe7eb254c3ebcfc0c5	cfcfb0fdf1ecb059cce6e205ad714dbb48adb88930bbd45145d15479a3c518caca3e06f2775ca1aac9b1da6eee9fa11487cdc2857f10ed542506a4558816b50f.mp3	Beth oedd dy hoff bwnc?	1	0	sixties	male	other
91dd54e421858c70c03932a863f18ce794ebc1584c41eb55e0fb4ca13c6ef96b72333a474ab1f3327a72a6a4ba34eee5eeb3b8f43c5181fe7eb254c3ebcfc0c5	16edb97047677921894009e4f7bae21dac08e6e5e88c7af0fcd520764a48bcb9179e3392bdc0c8f693373b2c2bd2858d8b6ac0cb7cc494221ec451c6a7664161.mp3	"Wyt ti'n cymryd llefrith a siwgr?"	1	0	sixties	male	other
91dd54e421858c70c03932a863f18ce794ebc1584c41eb55e0fb4ca13c6ef96b72333a474ab1f3327a72a6a4ba34eee5eeb3b8f43c5181fe7eb254c3ebcfc0c5	e0613c497b13236ba97a99c2101cc4614fe02628ae44b41a71e3a5ef7fff0831e4203a9fffc825beb97a00548b9170df4ab514795cde4c0437d49c1f917a50dc.mp3	Beth wnawn ni felly ond disgwyl amdano?	1	0	sixties	male	other
91dd54e421858c70c03932a863f18ce794ebc1584c41eb55e0fb4ca13c6ef96b72333a474ab1f3327a72a6a4ba34eee5eeb3b8f43c5181fe7eb254c3ebcfc0c5	fbd170f66d3296b19ae468b4c36a7d171db8850a820b5941ec7a8408bcd37ac84fb3fcbbc162296a2699082f80e08de78fb8f4b711fd7c1a1924d0798a43c36b.mp3	Peint o gwrw melyn bach.	1	0	sixties	male	other
91dd54e421858c70c03932a863f18ce794ebc1584c41eb55e0fb4ca13c6ef96b72333a474ab1f3327a72a6a4ba34eee5eeb3b8f43c5181fe7eb254c3ebcfc0c5	6311cbe88e2f393f2b870090d12cdae015c2d5ddb4dc6c43e21cb6158c21644857531244467fd4e78adac4eccb4bd32b31fc5eee9a89230d266ea8b16a991c08.mp3	Ewch yn syth yn eich blaen, heibio'r goleuadau.	1	0	sixties	male	other
